resolution,dataset,grouping,mode,price,train_value,relaxed_bound,train_hits,train_cost,test_utility,validation_utility,prepare_seconds,fit_seconds,hits,raw_hits,input_blocks,cost,mean_blocks,peak_blocks,hit_rate,nodes,certificates,flow_objective,residual
native,conversation,global,cut,0.0,37889.0,37889.0,37889.0,48245137.8097432,0.3391661458798322,0.2767700077553105,0.572978417010745,0.0061507089994847775,37990,37990,112010,48454036.883,34247.98599250382,49658,0.3391661458798322,2164.0,2152.0,37889.0,0.0
native,conversation,global,dp,0.0,37889.0,37889.0,37889.0,48245137.8097432,0.3391661458798322,0.2767700077553105,0.572978417010745,5.412500468082726e-05,37990,37990,112010,48454036.883,34247.98599250382,49658,0.3391661458798322,,,,
native,conversation,global,cut,0.0001,33071.667984382875,33071.667984382875,36951.0,38793320.156171285,0.2970313650075886,0.2494300873251745,0.572978417010745,0.0024010000051930547,37160,37160,112010,38895168.055,27491.644791954986,36033,0.3317560932059638,2164.0,2152.0,33071.667984382875,0.0
native,conversation,global,dp,0.0001,33071.667984382875,33071.667984382875,36951.0,38793320.156171285,0.2970313650075886,0.2494300873251745,0.572978417010745,4.82079922221601e-05,37160,37160,112010,38895168.055,27491.644791954986,36033,0.3317560932059638,,,,
native,conversation,global,cut,0.0003,25313.003953148618,25313.003953148618,36951.0,38793320.156171285,0.22758190861083832,0.1954690313401555,0.572978417010745,0.0026023339887615293,37160,37160,112010,38895168.055,27491.644791954986,36033,0.3317560932059638,2164.0,2152.0,25313.003953148615,3.637978807091713e-12
native,conversation,global,dp,0.0003,25313.003953148618,25313.003953148618,36951.0,38793320.156171285,0.22758190861083832,0.1954690313401555,0.572978417010745,5.241698818281293e-05,37160,37160,112010,38895168.055,27491.644791954986,36033,0.3317560932059638,,,,
native,conversation,global,cut,0.001,9793.413719203307,9793.413719203307,21232.0,11438586.280796694,0.10210707990358002,0.07577065978398624,0.572978417010745,0.002434916008496657,22857,22857,112010,11419985.98,8071.804642862495,10162,0.20406213730916883,2164.0,2152.0,9793.413719203305,1.8189894035458565e-12
native,conversation,global,dp,0.001,9793.413719203307,9793.413719203307,21232.0,11438586.280796694,0.10210707990358002,0.07577065978398624,0.572978417010745,4.308400093577802e-05,22857,22857,112010,11419985.98,8071.804642862495,10162,0.20406213730916883,,,,
native,conversation,global,cut,0.003,2418.771632999983,2418.771632999983,3387.0,322742.7890000056,0.02720616798500134,0.028234209075604817,0.572978417010745,0.0018342910043429583,4012,4012,112010,321545.708,227.27297067372652,1313,0.035818230515132575,2164.0,2152.0,2418.771632999982,9.094947017729282e-13
native,conversation,global,dp,0.003,2418.771632999983,2418.771632999983,3387.0,322742.7890000056,0.02720616798500134,0.028234209075604817,0.572978417010745,4.325000918470323e-05,4012,4012,112010,321545.708,227.27297067372652,1313,0.035818230515132575,,,,
native,conversation,global,cut,0.01,159.57210999994413,159.57210999994413,3387.0,322742.7890000056,0.007111355414695116,0.008137270962982578,0.572978417010745,0.002021791005972773,4012,4012,112010,321545.708,227.27297067372652,1313,0.035818230515132575,2164.0,2152.0,159.57210999995004,5.9117155615240335e-12
native,conversation,global,dp,0.01,159.57210999994413,159.57210999994413,3387.0,322742.7890000056,0.007111355414695116,0.008137270962982578,0.572978417010745,4.358298610895872e-05,4012,4012,112010,321545.708,227.27297067372652,1313,0.035818230515132575,,,,
native,conversation,global,cut,0.03,0.0,0.0,0.0,0.0,0.0,0.0,0.572978417010745,0.0020444160036277026,0,0,112010,0.0,0.0,0,0.0,2164.0,2152.0,0.0,0.0
native,conversation,global,dp,0.03,0.0,0.0,0.0,0.0,0.0,0.0,0.572978417010745,4.2458006646484137e-05,0,0,112010,0.0,0.0,0,0.0,,,,
native,conversation,global,cut,0.1,0.0,0.0,0.0,0.0,0.0,0.0,0.572978417010745,0.0021944160107523203,0,0,112010,0.0,0.0,0,0.0,2164.0,2152.0,0.0,0.0
native,conversation,global,dp,0.1,0.0,0.0,0.0,0.0,0.0,0.0,0.572978417010745,3.825000021606684e-05,0,0,112010,0.0,0.0,0,0.0,,,,
native,conversation,global,cut,0.3,0.0,0.0,0.0,0.0,0.0,0.0,0.572978417010745,0.0022849160013720393,0,0,112010,0.0,0.0,0,0.0,2164.0,2152.0,0.0,0.0
native,conversation,global,dp,0.3,0.0,0.0,0.0,0.0,0.0,0.0,0.572978417010745,4.33750101365149e-05,0,0,112010,0.0,0.0,0,0.0,,,,
native,conversation,global,cut,1.0,0.0,0.0,0.0,0.0,0.0,0.0,0.572978417010745,0.002278750005643815,0,0,112010,0.0,0.0,0,0.0,2164.0,2152.0,0.0,0.0
native,conversation,global,dp,1.0,0.0,0.0,0.0,0.0,0.0,0.0,0.572978417010745,5.175001570023596e-05,0,0,112010,0.0,0.0,0,0.0,,,,
native,conversation,group,cut,0.0,37889.0,37889.0,37889.0,48196852.82674524,0.33900544594232657,0.2767700077553105,0.695175291999476,0.004270500008715317,37972,37972,112010,48437428.883,34236.247227522545,49658,0.33900544594232657,3938.0,3818.0,37889.0,0.0
native,conversation,group,dp,0.0,37889.0,37889.0,37889.0,48196852.82674524,0.33900544594232657,0.2767700077553105,0.695175291999476,7.533299503847957e-05,37972,37972,112010,48437428.883,34236.247227522545,49658,0.33900544594232657,,,,
native,conversation,group,cut,0.0001,33074.24680322266,33074.24680322266,36950.0,38757531.96777337,0.2968833496518168,0.2494300873251745,0.695175291999476,0.004704166989540681,37142,37142,112010,38880960.055,27481.602380294706,36033,0.33159539326845816,3938.0,3818.0,33074.24680322266,0.0
native,conversation,group,dp,0.0001,33074.24680322266,33074.24680322266,36950.0,38757531.96777337,0.2968833496518168,0.2494300873251745,0.695175291999476,8.91250092536211e-05,37142,37142,112010,38880960.055,27481.602380294706,36033,0.33159539326845816,,,,
native,conversation,group,cut,0.0003,25322.74040966799,25322.74040966799,36950.0,38757531.96777337,0.22745926241853406,0.1954690313401555,0.695175291999476,0.0044824579963460565,37142,37142,112010,38880960.055,27481.602380294706,36033,0.33159539326845816,3938.0,3818.0,25322.74040966799,0.0
native,conversation,group,dp,0.0003,25322.74040966799,25322.74040966799,36950.0,38757531.96777337,0.22745926241853406,0.1954690313401555,0.695175291999476,7.712497608736157e-05,37142,37142,112010,38880960.055,27481.602380294706,36033,0.33159539326845816,,,,
native,conversation,group,cut,0.001,10396.70274260329,10396.702742603291,22027.0,11630297.257396711,0.10563108800107134,0.08042508782416251,0.695175291999476,0.004134666989557445,23423,23423,112010,11591261.833,8192.864793713541,10314,0.20911525756628874,3938.0,3818.0,10396.702742603287,1.8189894035458565e-12
native,conversation,group,dp,0.001,10396.702742603291,10396.702742603291,22027.0,11630297.257396711,0.10563108800107134,0.08042508782416251,0.695175291999476,6.749999010935426e-05,23423,23423,112010,11591261.833,8192.864793713541,10314,0.20911525756628874,,,,
native,conversation,group,cut,0.003,6500.147543,6500.147543,7574.0,357950.8189999999,0.046466890607981426,0.0558982772845064,0.695175291999476,0.00384437499451451,5888,5888,112010,227747.861,160.97535014852986,292,0.052566735112936344,3938.0,3818.0,6500.147542999999,9.094947017729282e-13
native,conversation,group,dp,0.003,6500.147543,6500.147543,7574.0,357950.8189999999,0.046466890607981426,0.0558982772845064,0.695175291999476,7.595799979753792e-05,5888,5888,112010,227747.861,160.97535014852986,292,0.052566735112936344,,,,
native,conversation,group,cut,0.01,4903.452174,4903.452174000001,5979.0,107554.7826,0.04576814739755379,0.04695870962982578,0.695175291999476,0.003370457998244092,5415,5415,112010,28850.981,20.39227393052698,64,0.04834389786626194,3938.0,3818.0,4903.452173999998,1.8189894035458565e-12
native,conversation,group,dp,0.01,4903.452174000001,4903.452174000001,5979.0,107554.7826,0.04576814739755379,0.04695870962982578,0.695175291999476,7.05410202499479e-05,5415,5415,112010,28850.981,20.39227393052698,64,0.04834389786626194,,,,
native,conversation,group,cut,0.03,4348.556012,4348.556012,4391.0,1414.7996,0.0458406392286403,0.045809560179317914,0.695175291999476,0.0031019589805509895,5177,5177,112010,1413.0,0.9987280177348086,1,0.046219087581465944,3938.0,3818.0,4348.556012000001,9.094947017729282e-13
native,conversation,group,dp,0.03,4348.556012,4348.556012,4391.0,1414.7996,0.0458406392286403,0.045809560179317914,0.695175291999476,6.874999962747097e-05,5177,5177,112010,1413.0,0.9987280177348086,1,0.046219087581465944,,,,
native,conversation,group,cut,0.1,4249.52004,4249.52004,4391.0,1414.7996,0.044957593072047136,0.044874497512626024,0.695175291999476,0.0031353330123238266,5177,5177,112010,1413.0,0.9987280177348086,1,0.046219087581465944,3938.0,3818.0,4249.520040000003,2.7284841053187847e-12
native,conversation,group,dp,0.1,4249.52004,4249.52004,4391.0,1414.7996,0.044957593072047136,0.044874497512626024,0.695175291999476,6.670798757113516e-05,5177,5177,112010,1413.0,0.9987280177348086,1,0.046219087581465944,,,,
native,conversation,group,cut,0.3,3966.56012,3966.56012,4391.0,1414.7996,0.042434604053209535,0.042202889893506346,0.695175291999476,0.0030777089996263385,5177,5177,112010,1413.0,0.9987280177348086,1,0.046219087581465944,3938.0,3818.0,3966.560120000002,1.8189894035458565e-12
native,conversation,group,dp,0.3,3966.56012,3966.56012,4391.0,1414.7996,0.042434604053209535,0.042202889893506346,0.695175291999476,6.908300565555692e-05,5177,5177,112010,1413.0,0.9987280177348086,1,0.046219087581465944,,,,
native,conversation,group,cut,1.0,2976.2003999999997,2976.2003999999997,4391.0,1414.7996,0.03360414248727792,0.03285226322658748,0.695175291999476,0.002959083009045571,5177,5177,112010,1413.0,0.9987280177348086,1,0.046219087581465944,3938.0,3818.0,2976.2004000000015,1.8189894035458565e-12
native,conversation,group,dp,1.0,2976.2003999999997,2976.2003999999997,4391.0,1414.7996,0.03360414248727792,0.03285226322658748,0.695175291999476,0.00016087500262074172,5177,5177,112010,1413.0,0.9987280177348086,1,0.046219087581465944,,,,
native,conversation,depth,cut,0.0,37889.0,37889.0,37889.0,48245137.809786215,0.3391661458798322,0.2767700077553105,0.7056331250059884,0.0030485420138575137,37990,37990,112010,48454036.883,34247.98599250382,49658,0.3391661458798322,2260.0,2152.0,37889.0,0.0
native,conversation,depth,dp,0.0,37889.0,37889.0,37889.0,48245137.809786215,0.3391661458798322,0.2767700077553105,0.7056331250059884,6.716599455103278e-05,37990,37990,112010,48454036.883,34247.98599250382,49658,0.3391661458798322,,,,
native,conversation,depth,cut,0.0001,33120.40855110138,33136.57468470119,37886.0,47655914.488986135,0.2961729075189715,0.24925946020920423,0.7056331250059884,0.0024879160046111792,37983,37983,112010,48086726.288,33988.365764310365,49201,0.3391036514596911,2260.0,2152.0,33120.40855110138,0.0
native,conversation,depth,dp,0.0001,33120.40855110138,33136.57468470119,37886.0,47655914.488986135,0.2961729075189715,0.24925946020920423,0.7056331250059884,7.445798837579787e-05,37983,37983,112010,48086726.288,33988.365764310365,49201,0.3391036514596911,,,,
native,conversation,depth,cut,0.0003,25433.148015322637,25433.14801532264,36815.0,37939506.61559121,0.22618627082135526,0.19565157768816085,0.7056331250059884,0.0025497500027995557,36829,36829,112010,38312919.351,27080.103324173968,35304,0.32880099991072226,2260.0,2152.0,25433.148015322637,0.0
native,conversation,depth,dp,0.0003,25433.14801532264,25433.14801532264,36815.0,37939506.61559121,0.22618627082135526,0.19565157768816085,0.7056331250059884,9.045799379236996e-05,36829,36829,112010,38312919.351,27080.103324173968,35304,0.32880099991072226,,,,
native,conversation,depth,cut,0.001,9815.647316399723,9815.647316399723,21676.0,11860352.683600277,0.10229266382465851,0.0762727748538786,0.7056331250059884,0.003041582996957004,23364,23364,112010,11906198.725,8415.466561483336,10544,0.20858851888224267,2260.0,2152.0,9815.647316399714,9.094947017729282e-12
native,conversation,depth,dp,0.001,9815.647316399723,9815.647316399723,21676.0,11860352.683600277,0.10229266382465851,0.0762727748538786,0.7056331250059884,6.233298336155713e-05,23364,23364,112010,11906198.725,8415.466561483336,10544,0.20858851888224267,,,,
native,conversation,depth,cut,0.003,4386.7556012,4386.7556012,4391.0,1414.7996,0.04618124274618338,0.04617022720789907,0.7056331250059884,0.0022680000110995024,5177,5177,112010,1413.0,0.9987280177348086,1,0.046219087581465944,2260.0,2152.0,4386.755601200006,6.366462912410498e-12
native,conversation,depth,dp,0.003,4386.7556012,4386.7556012,4391.0,1414.7996,0.04618124274618338,0.04617022720789907,0.7056331250059884,6.941700121387839e-05,5177,5177,112010,1413.0,0.9987280177348086,1,0.046219087581465944,,,,
native,conversation,depth,cut,0.01,4376.852004,4376.852004,4391.0,1414.7996,0.04609293813052406,0.04607672094122987,0.7056331250059884,0.002145332982763648,5177,5177,112010,1413.0,0.9987280177348086,1,0.046219087581465944,2260.0,2152.0,4376.852004,0.0
native,conversation,depth,dp,0.01,4376.852004,4376.852004,4391.0,1414.7996,0.04609293813052406,0.04607672094122987,0.7056331250059884,6.53750030323863e-05,5177,5177,112010,1413.0,0.9987280177348086,1,0.046219087581465944,,,,
native,conversation,depth,cut,0.03,4348.556012,4348.556012,4391.0,1414.7996,0.0458406392286403,0.045809560179317914,0.7056331250059884,0.0021570409880951047,5177,5177,112010,1413.0,0.9987280177348086,1,0.046219087581465944,2260.0,2152.0,4348.556012000001,9.094947017729282e-13
native,conversation,depth,dp,0.03,4348.556012,4348.556012,4391.0,1414.7996,0.0458406392286403,0.045809560179317914,0.7056331250059884,7.166599971242249e-05,5177,5177,112010,1413.0,0.9987280177348086,1,0.046219087581465944,,,,
native,conversation,depth,cut,0.1,4249.52004,4249.52004,4391.0,1414.7996,0.044957593072047136,0.044874497512626024,0.7056331250059884,0.002136041992343962,5177,5177,112010,1413.0,0.9987280177348086,1,0.046219087581465944,2260.0,2152.0,4249.520040000003,2.7284841053187847e-12
native,conversation,depth,dp,0.1,4249.52004,4249.52004,4391.0,1414.7996,0.044957593072047136,0.044874497512626024,0.7056331250059884,6.858300184831023e-05,5177,5177,112010,1413.0,0.9987280177348086,1,0.046219087581465944,,,,
native,conversation,depth,cut,0.3,3966.56012,3966.56012,4391.0,1414.7996,0.042434604053209535,0.042202889893506346,0.7056331250059884,0.002157583017833531,5177,5177,112010,1413.0,0.9987280177348086,1,0.046219087581465944,2260.0,2152.0,3966.560120000002,1.8189894035458565e-12
native,conversation,depth,dp,0.3,3966.56012,3966.56012,4391.0,1414.7996,0.042434604053209535,0.042202889893506346,0.7056331250059884,6.679099169559777e-05,5177,5177,112010,1413.0,0.9987280177348086,1,0.046219087581465944,,,,
native,conversation,depth,cut,1.0,2976.2003999999997,2976.2003999999997,4391.0,1414.7996,0.03360414248727792,0.03285226322658748,0.7056331250059884,0.0021176250011194497,5177,5177,112010,1413.0,0.9987280177348086,1,0.046219087581465944,2260.0,2152.0,2976.2004000000015,1.8189894035458565e-12
native,conversation,depth,dp,1.0,2976.2003999999997,2976.2003999999997,4391.0,1414.7996,0.03360414248727792,0.03285226322658748,0.7056331250059884,6.19160127826035e-05,5177,5177,112010,1413.0,0.9987280177348086,1,0.046219087581465944,,,,
native,conversation,group_depth,cut,0.0,37889.0,37889.0,37889.0,48151878.0201863,0.3387465404874565,0.27673217697240243,0.6911600409948733,0.004493083979468793,37943,37943,112010,48424651.886,34227.21626865034,49655,0.3387465404874565,4694.0,3818.0,37889.0,0.0
native,conversation,group_depth,dp,0.0,37889.0,37889.0,37889.0,48151878.0201863,0.3387465404874565,0.27673217697240243,0.6911600409948733,0.00025866602663882077,37943,37943,112010,48433951.886,34233.789637769194,49655,0.3387465404874565,,,,
native,conversation,group_depth,cut,0.0001,33128.23309068137,33144.39454452117,37886.0,47577669.093186244,0.2957795363887153,0.24922192110049748,0.6911600409948733,0.004811291000805795,37936,37936,112010,48057341.291,33967.5960404569,49198,0.3386840460673154,4694.0,3818.0,33128.23309068137,0.0
native,conversation,group_depth,dp,0.0001,33128.23309068137,33144.39454452117,37886.0,47577669.093186244,0.29577123355861085,0.24922192110049748,0.6911600409948733,0.0002631249953992665,37936,37936,112010,48066641.291,33974.16940957575,49198,0.3386840460673154,,,,
native,conversation,group_depth,cut,0.0003,25460.576568842574,25460.576568842567,36831.0,37901411.43719143,0.22596102306758326,0.19561429166285207,0.6911600409948733,0.004740042000776157,36799,36799,112010,38297019.354,27068.86498554283,35301,0.3285331666815463,4694.0,3818.0,25460.576568842567,7.275957614183426e-12
native,conversation,group_depth,dp,0.0003,25460.576568842567,25460.576568842567,36831.0,37901411.43719143,0.22596102306758326,0.19561429166285207,0.6911600409948733,0.00025966702378354967,36799,36799,112010,38297019.354,27068.86498554283,35301,0.3285331666815463,,,,
native,conversation,group_depth,cut,0.001,10513.275203199766,10660.971342199764,20623.0,10109724.796800233,0.10364674758503706,0.08832336174172924,0.6911600409948733,0.0045081659918650985,22174,22174,112010,10564527.803,7467.154926393816,9089,0.19796446745826266,4694.0,3818.0,10513.27520319977,3.637978807091713e-12
native,conversation,group_depth,dp,0.001,10513.275203199768,10660.971342199764,20623.0,10109724.796800233,0.10364674758503706,0.08832336174172924,0.6911600409948733,0.0002623750187922269,22174,22174,112010,10564527.803,7467.154926393816,9089,0.19796446745826266,,,,
native,conversation,group_depth,cut,0.003,6618.489791800001,6618.4897918,7894.0,425170.0693999999,0.04682066256584233,0.05784582229368036,0.6911600409948733,0.004542459006188437,6130,6130,112010,295205.862,208.65560182516307,288,0.05472725649495581,4694.0,3818.0,6618.489791799999,1.8189894035458565e-12
native,conversation,group_depth,dp,0.003,6618.4897918,6618.4897918,7894.0,425170.0693999999,0.04682066256584233,0.05784582229368036,0.6911600409948733,0.0002580000145826489,6130,6130,112010,295205.862,208.65560182516307,288,0.05472725649495581,,,,
native,conversation,group_depth,cut,0.01,5020.637632,5023.083074,6250.0,122936.23679999996,0.044682172573877334,0.046323567934628405,0.6911600409948733,0.003916624991688877,5563,5563,112010,55814.985,39.4508063191423,167,0.04966520846353004,4694.0,3818.0,5020.637631999984,1.6370904631912708e-11
native,conversation,group_depth,dp,0.01,5020.637632,5023.083074,6250.0,122936.23679999996,0.044682172573877334,0.046323567934628405,0.6911600409948733,0.00025408301735296845,5563,5563,112010,55814.985,39.4508063191423,167,0.04966520846353004,,,,
native,conversation,group_depth,cut,0.03,4348.556012,4348.556012,4391.0,1414.7996,0.0458406392286403,0.045809560179317914,0.6911600409948733,0.004008957999758422,5177,5177,112010,1413.0,0.9987280177348086,1,0.046219087581465944,4694.0,3818.0,4348.556012000001,9.094947017729282e-13
native,conversation,group_depth,dp,0.03,4348.556012,4348.556012,4391.0,1414.7996,0.0458406392286403,0.045809560179317914,0.6911600409948733,0.00025258399546146393,5177,5177,112010,1413.0,0.9987280177348086,1,0.046219087581465944,,,,
native,conversation,group_depth,cut,0.1,4249.52004,4249.52004,4391.0,1414.7996,0.044957593072047136,0.044874497512626024,0.6911600409948733,0.003797625016886741,5177,5177,112010,1413.0,0.9987280177348086,1,0.046219087581465944,4694.0,3818.0,4249.52004000001,1.000444171950221e-11
native,conversation,group_depth,dp,0.1,4249.52004,4249.52004,4391.0,1414.7996,0.044957593072047136,0.044874497512626024,0.6911600409948733,0.0002733340079430491,5177,5177,112010,1413.0,0.9987280177348086,1,0.046219087581465944,,,,
native,conversation,group_depth,cut,0.3,3966.56012,3966.56012,4391.0,1414.7996,0.042434604053209535,0.042202889893506346,0.6911600409948733,0.0038336659781634808,5177,5177,112010,1413.0,0.9987280177348086,1,0.046219087581465944,4694.0,3818.0,3966.560120000002,1.8189894035458565e-12
native,conversation,group_depth,dp,0.3,3966.56012,3966.56012,4391.0,1414.7996,0.042434604053209535,0.042202889893506346,0.6911600409948733,0.0002553329977672547,5177,5177,112010,1413.0,0.9987280177348086,1,0.046219087581465944,,,,
native,conversation,group_depth,cut,1.0,2976.2003999999997,2976.2003999999997,4391.0,1414.7996,0.03360414248727792,0.03285226322658748,0.6911600409948733,0.003857250005239621,5177,5177,112010,1413.0,0.9987280177348086,1,0.046219087581465944,4694.0,3818.0,2976.2004000000015,1.8189894035458565e-12
native,conversation,group_depth,dp,1.0,2976.2003999999997,2976.2003999999997,4391.0,1414.7996,0.03360414248727792,0.03285226322658748,0.6911600409948733,0.0002513329964131117,5177,5177,112010,1413.0,0.9987280177348086,1,0.046219087581465944,,,,
native,toolagent,global,cut,0.0,84504.0,84504.0,84504.0,44660850.53315781,0.5712112279634102,0.5300983450536668,0.5733374590054154,0.0023453330213669688,90108,90108,157749,44533973.199,31477.23055547938,45184,0.5712112279634102,2156.0,2144.0,84504.0,0.0
native,toolagent,global,dp,0.0,84504.0,84504.0,84504.0,44660850.53315781,0.5712112279634102,0.5300983450536668,0.5733374590054154,4.6124972868710756e-05,90108,90108,157749,44533973.199,31477.23055547938,45184,0.5712112279634102,,,,
native,toolagent,global,cut,0.0001,80633.68894978099,80633.68894978099,84219.0,35853110.50219008,0.5450377546304573,0.5121222558798181,0.5733374590054154,0.0024295000184793025,89545,89545,157749,35658392.448,25203.846854353083,32272,0.567642267145909,2156.0,2144.0,80633.68894978099,0.0
native,toolagent,global,dp,0.0001,80633.68894978099,80633.68894978099,84219.0,35853110.50219008,0.5450377546304573,0.5121222558798181,0.5733374590054154,4.308400093577802e-05,89545,89545,157749,35658392.448,25203.846854353083,32272,0.567642267145909,,,,
native,toolagent,global,cut,0.0003,73463.06684934298,73463.06684934298,84219.0,35853110.50219008,0.49982872959955377,0.47667237753740815,0.5733374590054154,0.0025729579792823642,89545,89545,157749,35658392.448,25203.846854353083,32272,0.567642267145909,2156.0,2144.0,73463.06684934298,0.0
native,toolagent,global,dp,0.0003,73463.06684934298,73463.06684934298,84219.0,35853110.50219008,0.49982872959955377,0.47667237753740815,0.5733374590054154,5.9084006352350116e-05,89545,89545,157749,35658392.448,25203.846854353083,32272,0.567642267145909,,,,
native,toolagent,global,cut,0.001,58160.18052180298,58160.18052180298,68851.0,10690819.478197023,0.41582243404395586,0.39476603435996405,0.5733374590054154,0.0024487500195391476,76180,76180,157749,10584426.852,7481.219850500382,8863,0.4829190676327584,2156.0,2144.0,58160.18052180298,0.0
native,toolagent,global,dp,0.001,58160.18052180298,58160.18052180298,68851.0,10690819.478197023,0.41582243404395586,0.39476603435996405,0.5733374590054154,4.937499761581421e-05,76180,76180,157749,10584426.852,7481.219850500382,8863,0.4829190676327584,,,,
native,toolagent,global,cut,0.003,49056.73777079997,49056.73777079997,52140.0,1027754.0764000101,0.35096969358918284,0.3519551472505684,0.5733374590054154,0.0020896669884677976,58404,58404,157749,1012960.602,715.9746171825324,1811,0.3702337257288477,2156.0,2144.0,49056.73777079997,0.0
native,toolagent,global,dp,0.003,49056.73777079997,49056.73777079997,52140.0,1027754.0764000101,0.35096969358918284,0.3519551472505684,0.5733374590054154,4.3333013309165835e-05,58404,58404,157749,1012960.602,715.9746171825324,1811,0.3702337257288477,,,,
native,toolagent,global,cut,0.01,41862.4592359999,41862.4592359999,52140.0,1027754.0764000101,0.30602028526329805,0.30711286768360385,0.5733374590054154,0.002034208009717986,58404,58404,157749,1012960.602,715.9746171825324,1811,0.3702337257288477,2156.0,2144.0,41862.4592359999,0.0
native,toolagent,global,dp,0.01,41862.4592359999,41862.4592359999,52140.0,1027754.0764000101,0.30602028526329805,0.30711286768360385,0.5733374590054154,4.9124995712190866e-05,58404,58404,157749,1012960.602,715.9746171825324,1811,0.3702337257288477,,,,
native,toolagent,global,cut,0.03,29535.085905999833,29535.085905999833,39319.0,326130.46980000567,0.2184574426462291,0.22477076243853433,0.5733374590054154,0.0021129579981788993,44129,44129,157749,322251.896,227.77211415666218,1138,0.27974186841121024,2156.0,2144.0,29535.085905999833,0.0
native,toolagent,global,dp,0.03,29535.085905999833,29535.085905999833,39319.0,326130.46980000567,0.2184574426462291,0.22477076243853433,0.5733374590054154,4.266700125299394e-05,44129,44129,157749,322251.896,227.77211415666218,1138,0.27974186841121024,,,,
native,toolagent,global,cut,0.1,6705.953019999433,6705.953019999433,39319.0,326130.46980000567,0.07546044919460661,0.08136192565959921,0.5733374590054154,0.0021611670090351254,44129,44129,157749,322251.896,227.77211415666218,1138,0.27974186841121024,2156.0,2144.0,6705.953019999433,0.0
native,toolagent,global,dp,0.1,6705.953019999433,6705.953019999433,39319.0,326130.46980000567,0.07546044919460661,0.08136192565959921,0.5733374590054154,4.070898285135627e-05,44129,44129,157749,322251.896,227.77211415666218,1138,0.27974186841121024,,,,
native,toolagent,global,cut,0.3,0.0,0.0,0.0,0.0,0.0,0.0,0.5733374590054154,0.002150459011318162,0,0,157749,0.0,0.0,0,0.0,2156.0,2144.0,0.0,0.0
native,toolagent,global,dp,0.3,0.0,0.0,0.0,0.0,0.0,0.0,0.5733374590054154,3.979200846515596e-05,0,0,157749,0.0,0.0,0,0.0,,,,
native,toolagent,global,cut,1.0,0.0,0.0,0.0,0.0,0.0,0.0,0.5733374590054154,0.002205875003710389,0,0,157749,0.0,0.0,0,0.0,2156.0,2144.0,0.0,0.0
native,toolagent,global,dp,1.0,0.0,0.0,0.0,0.0,0.0,0.0,0.5733374590054154,4.704101593233645e-05,0,0,157749,0.0,0.0,0,0.0,,,,
native,toolagent,group,cut,0.0,84504.0,84504.0,84504.0,44612565.550168194,0.5710971226442006,0.5300983450536668,0.7501177079975605,0.004028916009701788,90090,90090,157749,44517365.199,31465.491790498105,45184,0.5710971226442006,3585.0,3465.0,84504.0,0.0
native,toolagent,group,dp,0.0,84504.0,84504.0,84504.0,44612565.550168194,0.5710971226442006,0.5300983450536668,0.7501177079975605,7.845798972994089e-05,90090,90090,157749,44517365.199,31465.491790498105,45184,0.5710971226442006,,,,
native,toolagent,group,cut,0.0001,80714.6264856575,80714.6264856575,84132.0,34173735.14342505,0.5457331250594298,0.5124541019666367,0.7501177079975605,0.003816458978690207,89485,89485,157749,33961452.55,24004.426174562108,30855,0.5672619160818769,3585.0,3465.0,80714.6264856575,0.0
native,toolagent,group,dp,0.0001,80714.6264856575,80714.6264856575,84132.0,34173735.14342505,0.5457331250594298,0.5124541019666367,0.7501177079975605,8.38330015540123e-05,89485,89485,157749,33961452.55,24004.426174562108,30855,0.5672619160818769,,,,
native,toolagent,group,cut,0.0003,73911.24090989248,73911.2409098925,84075.0,33879196.96702504,0.5023786990148907,0.47883942720271766,0.7501177079975605,0.004265833005774766,89343,89343,157749,33644208.697,23780.19381472825,30599,0.5663617518970009,3585.0,3465.0,73911.24090989248,0.0
native,toolagent,group,dp,0.0003,73911.2409098925,73911.2409098925,84075.0,33879196.96702504,0.5023786990148907,0.47883942720271766,0.7501177079975605,7.629100582562387e-05,89343,89343,157749,33644208.697,23780.19381472825,30599,0.5663617518970009,,,,
native,toolagent,group,cut,0.001,58891.560425802774,58891.56042580277,69270.0,10378439.574197227,0.4194565731636967,0.3998065073150743,0.7501177079975605,0.0040021669992711395,76382,76382,157749,10213145.04,7218.79271099596,8721,0.4841995828816664,3585.0,3465.0,58891.560425802774,0.0
native,toolagent,group,dp,0.001,58891.56042580277,58891.56042580277,69270.0,10378439.574197227,0.4194565731636967,0.3998065073150743,0.7501177079975605,7.53339845687151e-05,76382,76382,157749,10213145.04,7218.79271099596,8721,0.4841995828816664,,,,
native,toolagent,group,cut,0.003,53593.131525,53593.131525,54600.0,335622.82499999995,0.36837126771643564,0.3741810917992915,0.7501177079975605,0.0034881669853348285,58609,58609,157749,166266.963,117.51979785688376,264,0.3715332585309574,3585.0,3465.0,53593.131525000004,7.275957614183426e-12
native,toolagent,group,dp,0.003,53593.131525,53593.131525,54600.0,335622.82499999995,0.36837126771643564,0.3741810917992915,0.7501177079975605,7.404101779684424e-05,58609,58609,157749,166266.963,117.51979785688376,264,0.3715332585309574,,,,
native,toolagent,group,cut,0.01,51790.818406,51790.818406,53551.0,176018.15939999997,0.36515857704327764,0.3659873416168773,0.7501177079975605,0.0038460830110125244,58583,58583,157749,97959.963,69.23946189976304,139,0.3713684397365435,3585.0,3465.0,51790.818406000006,7.275957614183426e-12
native,toolagent,group,dp,0.01,51786.10041,51790.818406,53555.0,176889.95899999997,0.3651306846953071,0.36596775212816585,0.7501177079975605,7.054198067635298e-05,58587,58587,157749,98799.962,69.83318485529682,139,0.3713937964741456,,,,
native,toolagent,group,cut,0.03,49866.654708,49866.654708,51963.0,69878.17639999997,0.35644815840353977,0.355749204462539,0.7501177079975605,0.002889208000851795,58345,58345,157749,70521.982,49.84591598697087,101,0.3698597138492162,3585.0,3465.0,49866.654708,0.0
native,toolagent,group,dp,0.03,49866.654708,49866.654708,51963.0,69878.17639999997,0.35644815840353977,0.355749204462539,0.7501177079975605,7.366700447164476e-05,58345,58345,157749,70521.982,49.84591598697087,101,0.3698597138492162,,,,
native,toolagent,group,cut,0.1,44978.58256,44978.58256,51956.0,69774.17439999996,0.3252191887111804,0.32218795035160996,0.7501177079975605,0.002680958015844226,58343,58343,157749,70399.982,49.759684693153716,101,0.3698470354804151,3585.0,3465.0,44978.58256,0.0
native,toolagent,group,dp,0.1,44978.58256,44978.58256,51956.0,69774.17439999996,0.3252191887111804,0.32218795035160996,0.7501177079975605,7.499998901039362e-05,58343,58343,157749,70399.982,49.759684693153716,101,0.3698470354804151,,,,
native,toolagent,group,cut,0.3,32934.01040000001,32934.010400000014,50396.0,58206.631999999976,0.24520802223785887,0.24141597551948396,0.7501177079975605,0.002730500011239201,56767,56767,157749,60285.599,42.610698363216954,90,0.3598564808651719,3585.0,3465.0,32934.010400000014,7.275957614183426e-12
native,toolagent,group,dp,0.3,32934.010400000014,32934.010400000014,50396.0,58206.631999999976,0.24520802223785887,0.24141597551948396,0.7501177079975605,7.412501145154238e-05,56767,56767,157749,60285.599,42.610698363216954,90,0.3598564808651719,,,,
native,toolagent,group,cut,1.0,9361.3744,9361.374399999999,37671.0,28309.6256,0.0856565176324414,0.07992303706445303,0.7501177079975605,0.002959791978355497,42732,42732,157749,29219.77,20.65293911590023,71,0.2708860278036628,3585.0,3465.0,9361.3744,0.0
native,toolagent,group,dp,1.0,9361.374399999999,9361.374399999999,37671.0,28309.6256,0.0856565176324414,0.07992303706445303,0.7501177079975605,7.504201494157314e-05,42732,42732,157749,29219.77,20.65293911590023,71,0.2708860278036628,,,,
native,toolagent,depth,cut,0.0,84504.0,84504.0,84504.0,44660850.533187255,0.5712112279634102,0.5300983450536668,0.7591657919983845,0.0026775419828481972,90108,90108,157749,44533973.199,31477.23055547938,45184,0.5712112279634102,2252.0,2144.0,84504.0,0.0
native,toolagent,depth,dp,0.0,84504.0,84504.0,84504.0,44660850.533187255,0.5712112279634102,0.5300983450536668,0.7591657919983845,7.983300019986928e-05,90108,90108,157749,44533973.199,31477.23055547938,45184,0.5712112279634102,,,,
native,toolagent,depth,cut,0.0001,80633.68894978074,80633.68894978076,84219.0,35853110.50219255,0.5450377546304573,0.5121222558798181,0.7591657919983845,0.00291295800707303,89545,89545,157749,35658392.448,25203.846854353083,32272,0.567642267145909,2252.0,2144.0,80633.68894978074,0.0
native,toolagent,depth,dp,0.0001,80633.68894978076,80633.68894978076,84219.0,35853110.50219255,0.5450377546304573,0.5121222558798181,0.7591657919983845,7.958401693031192e-05,89545,89545,157749,35658392.448,25203.846854353083,32272,0.567642267145909,,,,
native,toolagent,depth,cut,0.0003,73548.96484226224,73548.96484226224,84083.0,35113450.52579255,0.4999171204476732,0.4766612206603923,0.7591657919983845,0.0026394999877084047,89418,89418,157749,35188580.555,24871.777285631124,31845,0.5668371907270411,2252.0,2144.0,73548.96484226224,0.0
native,toolagent,depth,dp,0.0003,73548.96484226224,73548.96484226224,84083.0,35113450.52579255,0.4999171204476732,0.4766612206603923,0.7591657919983845,7.974999607540667e-05,89418,89418,157749,35188580.555,24871.777285631124,31845,0.5668371907270411,,,,
native,toolagent,depth,cut,0.001,58324.542320399734,58324.54232039973,70056.0,11731457.679600269,0.4169620713538596,0.39636622066039234,0.7591657919983845,0.002565208007581532,77555,77555,157749,11779650.206,8326.02031128649,9793,0.49163544618349403,2252.0,2144.0,58324.542320399734,0.0
native,toolagent,depth,dp,0.001,58324.54232039973,58324.54232039973,70056.0,11731457.679600269,0.4169620713538596,0.39636622066039234,0.7591657919983845,7.46249861549586e-05,77555,77555,157749,11779650.206,8326.02031128649,9793,0.49163544618349403,,,,
native,toolagent,depth,cut,0.003,50667.8297902,50667.8297902,52048.0,460056.7365999997,0.36064310157275165,0.3612249811003014,0.7591657919983845,0.0022929160040803254,58395,58395,157749,501303.79,354.328478747096,733,0.3701766730692429,2252.0,2144.0,50667.8297902,0.0
native,toolagent,depth,dp,0.003,50667.8297902,50667.8297902,52048.0,460056.7365999997,0.36064310157275165,0.3612249811003014,0.7591657919983845,7.095801993273199e-05,58395,58395,157749,501303.79,354.328478747096,733,0.3701766730692429,,,,
native,toolagent,depth,cut,0.01,47452.150630000004,47452.15063,52044.0,459184.9369999997,0.3384259937622426,0.3392039366837625,0.7591657919983845,0.0026173340156674385,58391,58391,157749,500463.791,353.7347557915623,732,0.3701513163316408,2252.0,2144.0,47452.15062999999,1.4551915228366852e-11
native,toolagent,depth,dp,0.01,47452.15063,47452.15063,52044.0,459184.9369999997,0.3384259937622426,0.3392039366837625,0.7591657919983845,7.19579984433949e-05,58391,58391,157749,500463.791,353.7347557915623,732,0.3701513163316408,,,,
native,toolagent,depth,cut,0.03,39278.77243600001,39278.77243600001,48757.0,315940.9187999998,0.2800874092387273,0.28270803027018454,0.7591657919983845,0.002099166013067588,54645,54645,157749,348716.376,246.47757604681257,577,0.34640473156723656,2252.0,2144.0,39278.772436,7.275957614183426e-12
native,toolagent,depth,dp,0.03,39278.77243600001,39278.77243600001,48757.0,315940.9187999998,0.2800874092387273,0.28270803027018454,0.7591657919983845,8.629198418930173e-05,54645,54645,157749,348716.376,246.47757604681257,577,0.34640473156723656,,,,
native,toolagent,depth,cut,0.1,25904.977040000012,25904.977040000012,41431.0,155260.22959999988,0.18834206239025286,0.19358980542484006,0.7591657919983845,0.0021368339948821813,46508,46508,157749,167972.28,118.7251395886739,461,0.29482278810008306,2252.0,2144.0,25904.977039999998,1.4551915228366852e-11
native,toolagent,depth,dp,0.1,25904.977040000012,25904.977040000012,41431.0,155260.22959999988,0.18834206239025286,0.19358980542484006,0.7591657919983845,6.837499677203596e-05,46508,46508,157749,167972.28,118.7251395886739,461,0.29482278810008306,,,,
native,toolagent,depth,cut,0.3,7464.88096,7464.88096,8752.0,4290.3968,0.05500700479876259,0.05503384629619838,0.7591657919983845,0.0021408339962363243,9970,9970,157749,4309.0,3.0456610250667304,4,0.06320166847333422,2252.0,2144.0,7464.8809600000095,9.094947017729282e-12
native,toolagent,depth,dp,0.3,7464.88096,7464.88096,8752.0,4290.3968,0.05500700479876259,0.05503384629619838,0.7591657919983845,6.833401857875288e-05,9970,9970,157749,4309.0,3.0456610250667304,4,0.06320166847333422,,,,
native,toolagent,depth,cut,1.0,4461.6032,4461.6032,8752.0,4290.3968,0.03588612289142879,0.03496803521387406,0.7591657919983845,0.002074999996693805,9970,9970,157749,4309.0,3.0456610250667304,4,0.06320166847333422,2252.0,2144.0,4461.603200000012,1.2732925824820995e-11
native,toolagent,depth,dp,1.0,4461.6032,4461.6032,8752.0,4290.3968,0.03588612289142879,0.03496803521387406,0.7591657919983845,6.404198938980699e-05,9970,9970,157749,4309.0,3.0456610250667304,4,0.06320166847333422,,,,
native,toolagent,group_depth,cut,0.0,84504.0,84504.0,84504.0,44423004.56418898,0.5709132862965851,0.5300719082112832,0.757280499994522,0.0040173750021494925,90061,90061,157749,44441309.292,31411.734419489516,45100,0.5709132862965851,4341.0,3465.0,84504.0,0.0
native,toolagent,group_depth,dp,0.0,84504.0,84504.0,84504.0,44423004.56418898,0.5709132862965851,0.5300719082112832,0.757280499994522,0.00027024999144487083,90061,90061,157749,44450609.292,31418.307788608367,45100,0.5709132862965851,,,,
native,toolagent,group_depth,cut,0.0001,80722.13766402059,80722.13766402059,84173.0,34508623.35979409,0.5454459677658812,0.512413266423624,0.757280499994522,0.004550667013972998,89482,89482,157749,34384440.309,24303.399795278427,31171,0.5672428985286753,4341.0,3465.0,80722.13766402059,0.0
native,toolagent,group_depth,dp,0.0001,80722.13766402059,80722.13766402059,84173.0,34508623.35979409,0.5454400723243887,0.512413266423624,0.757280499994522,0.00024220900377258658,89482,89482,157749,34393740.309,24309.973164397277,31171,0.5672428985286753,,,,
native,toolagent,group_depth,cut,0.0003,74018.28011826178,74018.28011826175,83949.0,33102399.60579408,0.5023625814046365,0.4788755732009729,0.757280499994522,0.004224125004839152,89190,89190,157749,33142683.82,23425.709068620035,30151,0.565391856683719,4341.0,3465.0,74018.28011826178,0.0
native,toolagent,group_depth,dp,0.0003,74018.28011826175,74018.28011826175,83949.0,33102399.60579408,0.5023625814046365,0.4788755732009729,0.757280499994522,0.0002641669998411089,89190,89190,157749,33142683.82,23425.709068620035,30151,0.565391856683719,,,,
native,toolagent,group_depth,cut,0.001,59086.20283059969,59125.9663591997,71683.0,12596797.169400312,0.4203708573049591,0.40168822914397506,0.757280499994522,0.004520999995293096,79097,79097,157749,12783917.631,9035.850470271549,10690,0.5014104685291191,4341.0,3465.0,59086.20283059968,7.275957614183426e-12
native,toolagent,group_depth,dp,0.001,59086.20283059969,59125.9663591997,71683.0,12596797.169400312,0.4203708573049591,0.40168822914397506,0.757280499994522,0.00025362501037307084,79097,79097,157749,12783917.631,9035.850470271549,10690,0.5014104685291191,,,,
native,toolagent,group_depth,cut,0.003,53742.1821606,53742.182160599994,54945.0,400939.2797999999,0.3685861089959366,0.37558569262940833,0.757280499994522,0.0038955420022830367,58837,58837,157749,230969.964,163.25277728379342,247,0.3729785925742794,4341.0,3465.0,53742.182160599994,7.275957614183426e-12
native,toolagent,group_depth,dp,0.003,53742.182160599994,53742.182160599994,54945.0,400939.2797999999,0.3685861089959366,0.37558569262940833,0.757280499994522,0.00030508299823850393,58837,58837,157749,230969.964,163.25277728379342,247,0.3729785925742794,,,,
native,toolagent,group_depth,cut,0.01,51960.296422,51960.296422,53593.0,163270.35779999994,0.36489125338353967,0.3661266901337704,0.757280499994522,0.003645541990408674,58541,58541,157749,97976.967,69.25148056304228,135,0.371102193991721,4341.0,3465.0,51960.296421999985,1.4551915228366852e-11
native,toolagent,group_depth,dp,0.01,51955.57842600001,51960.296422,53597.0,164142.1573999999,0.36486336103556916,0.36610710064505897,0.757280499994522,0.0002565419999882579,58545,58545,157749,98816.966,69.84520351857606,135,0.3711275507293232,,,,
native,toolagent,group_depth,cut,0.03,49993.194528,49993.19452799999,51984.0,66360.18239999996,0.3568833434126365,0.35618541236186746,0.757280499994522,0.003567792009562254,58331,58331,157749,67766.982,47.89864373724731,89,0.36977096526760866,4341.0,3465.0,49993.19452800001,7.275957614183426e-12
native,toolagent,group_depth,dp,0.03,49993.19452799999,49993.19452799999,51984.0,66360.18239999996,0.3568833434126365,0.35618541236186746,0.757280499994522,0.0002296250022482127,58331,58331,157749,67766.982,47.89864373724731,89,0.36977096526760866,,,,
native,toolagent,group_depth,cut,0.1,46056.010200000004,46059.41040000001,51594.0,55379.89799999998,0.33043005851067203,0.32918610030138,0.757280499994522,0.0034876670106314123,57937,57937,157749,58119.887,41.079943053419015,72,0.36727332661379786,4341.0,3465.0,46056.010200000004,0.0
native,toolagent,group_depth,dp,0.1,46056.010200000004,46059.41040000001,51594.0,55379.89799999998,0.33043005851067203,0.32918610030138,0.757280499994522,0.00026699999580159783,57937,57937,157749,58119.887,41.079943053419015,72,0.36727332661379786,,,,
native,toolagent,group_depth,cut,0.3,37875.87188,37893.27008,47366.0,31633.7604,0.2754396915352871,0.2741305057367948,0.757280499994522,0.004152834007982165,53256,53256,157749,32685.547,23.102598417471988,42,0.3375996044348934,4341.0,3465.0,37875.87188000001,1.4551915228366852e-11
native,toolagent,group_depth,dp,0.3,37875.871880000006,37893.27008,47366.0,31633.7604,0.2754396915352871,0.2741305057367948,0.757280499994522,0.00024687498807907104,53256,53256,157749,32685.547,23.102598417471988,42,0.3375996044348934,,,,
native,toolagent,group_depth,cut,1.0,18666.006,18666.006,32860.0,14193.994,0.14659997844677303,0.1389521228784434,0.757280499994522,0.003973125014454126,37326,37326,157749,14200.0,10.03675714921039,11,0.23661639693437042,4341.0,3465.0,18666.00600000001,7.275957614183426e-12
native,toolagent,group_depth,dp,1.0,18666.006,18666.006,32860.0,14193.994,0.14659997844677303,0.1389521228784434,0.757280499994522,0.00023574999067932367,37326,37326,157749,14200.0,10.03675714921039,11,0.23661639693437042,,,,
native,synthetic,global,cut,0.0,8755.0,8755.0,8755.0,5836794.445999556,0.7079327117302006,0.2641353693768056,0.18712466600118205,0.0008392499876208603,43809,43809,61883,5444395.974,13317.66829089308,18074,0.7079327117302006,707.0,695.0,8755.0,0.0
native,synthetic,global,dp,0.0,8755.0,8755.0,8755.0,5836794.445999556,0.7079327117302006,0.2641353693768056,0.18712466600118205,4.262497532181442e-05,43809,43809,61883,5444395.974,13317.66829089308,18074,0.7079327117302006,,,,
native,synthetic,global,cut,0.0001,8171.320555400044,8171.320555400044,8755.0,5836794.445999556,0.6991348254383272,0.25592098016233317,0.18712466600118205,0.0008239170128945261,43809,43809,61883,5444395.974,13317.66829089308,18074,0.7079327117302006,707.0,695.0,8171.320555400044,0.0
native,synthetic,global,dp,0.0001,8171.320555400044,8171.320555400044,8755.0,5836794.445999556,0.6991348254383272,0.25592098016233317,0.18712466600118205,3.879200085066259e-05,43809,43809,61883,5444395.974,13317.66829089308,18074,0.7079327117302006,,,,
native,synthetic,global,cut,0.0003,7003.961666200134,7003.961666200134,8755.0,5836794.445999556,0.6815390528545804,0.23949220173338837,0.18712466600118205,0.0008610420045442879,43809,43809,61883,5444395.974,13317.66829089308,18074,0.7079327117302006,707.0,695.0,7003.961666200134,0.0
native,synthetic,global,dp,0.0003,7003.961666200134,7003.961666200134,8755.0,5836794.445999556,0.6815390528545804,0.23949220173338837,0.18712466600118205,3.954101703129709e-05,43809,43809,61883,5444395.974,13317.66829089308,18074,0.7079327117302006,,,,
native,synthetic,global,cut,0.001,2918.205554000444,2918.205554000444,8755.0,5836794.445999556,0.6199538488114669,0.18199147723208142,0.18712466600118205,0.0008170410001184791,43809,43809,61883,5444395.974,13317.66829089308,18074,0.7079327117302006,707.0,695.0,2918.205554000444,0.0
native,synthetic,global,dp,0.001,2918.205554000444,2918.205554000444,8755.0,5836794.445999556,0.6199538488114669,0.18199147723208142,0.18712466600118205,2.924998989328742e-05,43809,43809,61883,5444395.974,13317.66829089308,18074,0.7079327117302006,,,,
native,synthetic,global,cut,0.003,89.01527399999964,89.01527399999964,393.0,101328.24200000011,0.05825538950923517,-0.00393852102535883,0.18712466600118205,0.0005877499934285879,4141,4141,61883,178660.577,437.025946038502,1157,0.06691660068193203,707.0,695.0,89.01527399999941,2.2737367544323206e-13
native,synthetic,global,dp,0.003,89.01527399999964,89.01527399999964,393.0,101328.24200000011,0.05825538950923517,-0.00393852102535883,0.18712466600118205,6.954200216569006e-05,4141,4141,61883,178660.577,437.025946038502,1157,0.06691660068193203,,,,
native,synthetic,global,cut,0.01,0.0,0.0,0.0,0.0,0.0,0.0,0.18712466600118205,0.0005129999772179872,0,0,61883,0.0,0.0,0,0.0,707.0,695.0,0.0,0.0
native,synthetic,global,dp,0.01,0.0,0.0,0.0,0.0,0.0,0.0,0.18712466600118205,3.600001218728721e-05,0,0,61883,0.0,0.0,0,0.0,,,,
native,synthetic,global,cut,0.03,0.0,0.0,0.0,0.0,0.0,0.0,0.18712466600118205,0.0005515830125659704,0,0,61883,0.0,0.0,0,0.0,707.0,695.0,0.0,0.0
native,synthetic,global,dp,0.03,0.0,0.0,0.0,0.0,0.0,0.0,0.18712466600118205,4.116600030101836e-05,0,0,61883,0.0,0.0,0,0.0,,,,
native,synthetic,global,cut,0.1,0.0,0.0,0.0,0.0,0.0,0.0,0.18712466600118205,0.0005524169828277081,0,0,61883,0.0,0.0,0,0.0,707.0,695.0,0.0,0.0
native,synthetic,global,dp,0.1,0.0,0.0,0.0,0.0,0.0,0.0,0.18712466600118205,3.72079957742244e-05,0,0,61883,0.0,0.0,0,0.0,,,,
native,synthetic,global,cut,0.3,0.0,0.0,0.0,0.0,0.0,0.0,0.18712466600118205,0.0005440840031951666,0,0,61883,0.0,0.0,0,0.0,707.0,695.0,0.0,0.0
native,synthetic,global,dp,0.3,0.0,0.0,0.0,0.0,0.0,0.0,0.18712466600118205,4.0916987927630544e-05,0,0,61883,0.0,0.0,0,0.0,,,,
native,synthetic,global,cut,1.0,0.0,0.0,0.0,0.0,0.0,0.0,0.18712466600118205,0.0005795829929411411,0,0,61883,0.0,0.0,0,0.0,707.0,695.0,0.0,0.0
native,synthetic,global,dp,1.0,0.0,0.0,0.0,0.0,0.0,0.0,0.18712466600118205,0.00018541701138019562,0,0,61883,0.0,0.0,0,0.0,,,,
native,synthetic,group,cut,0.0,8755.0,8755.0,8755.0,5834792.475999645,0.7064621947869366,0.2641353693768056,0.2227641659846995,0.0015907920023892075,43718,43718,61883,5438566.185,13303.40790342702,18066,0.7064621947869366,1606.0,1486.0,8755.0,0.0
native,synthetic,group,dp,0.0,8755.0,8755.0,8755.0,5834792.475999645,0.7064621947869366,0.2641353693768056,0.2227641659846995,7.616699440404773e-05,43718,43718,61883,5438566.185,13303.40790342702,18066,0.7064621947869366,,,,
native,synthetic,group,cut,0.0001,8171.520752400035,8171.520752400036,8755.0,5834792.475999645,0.6976737291582502,0.25592098016233317,0.2227641659846995,0.001642625022213906,43718,43718,61883,5438566.185,13303.40790342702,18066,0.7064621947869366,1606.0,1486.0,8171.520752400035,0.0
native,synthetic,group,dp,0.0001,8171.520752400036,8171.520752400036,8755.0,5834792.475999645,0.6976737291582502,0.25592098016233317,0.2227641659846995,7.345800986513495e-05,43718,43718,61883,5438566.185,13303.40790342702,18066,0.7064621947869366,,,,
native,synthetic,group,cut,0.0003,7004.562257200107,7004.562257200107,8755.0,5834792.475999645,0.6800967979008775,0.23949220173338837,0.2227641659846995,0.001686041010543704,43718,43718,61883,5438566.185,13303.40790342702,18066,0.7064621947869366,1606.0,1486.0,7004.562257200107,0.0
native,synthetic,group,dp,0.0003,7004.562257200107,7004.562257200107,8755.0,5834792.475999645,0.6800967979008775,0.23949220173338837,0.2227641659846995,8.525000885128975e-05,43718,43718,61883,5438566.185,13303.40790342702,18066,0.7064621947869366,,,,
native,synthetic,group,cut,0.001,2920.207524000355,2921.163760000354,8755.0,5834792.475999645,0.6185775385000727,0.18199147723208142,0.2227641659846995,0.0019645420252345502,43718,43718,61883,5438566.185,13303.40790342702,18066,0.7064621947869366,1606.0,1486.0,2920.207524000354,9.094947017729282e-13
native,synthetic,group,dp,0.001,2920.207524000354,2921.163760000354,8755.0,5834792.475999645,0.6185775385000727,0.18199147723208142,0.2227641659846995,7.220800034701824e-05,43718,43718,61883,5438566.185,13303.40790342702,18066,0.7064621947869366,,,,
native,synthetic,group,cut,0.003,596.9638509999993,855.7024269999988,1630.0,344345.38300000026,0.07202731554708079,-0.0017778904021644437,0.2227641659846995,0.0015429999912157655,5529,5529,61883,357244.544,873.8644945084513,1736,0.08934602394841878,1606.0,1486.0,596.9638509999995,2.2737367544323206e-13
native,synthetic,group,dp,0.003,596.9638509999993,855.7024269999988,1630.0,344345.38300000026,0.07202731554708079,-0.0017778904021644437,0.2227641659846995,6.925000343471766e-05,5529,5529,61883,357244.544,873.8644945084513,1736,0.08934602394841878,,,,
native,synthetic,group,cut,0.01,13.720390000000002,153.26452999999998,45.0,3127.961,0.0009651788051645847,-0.0005283532810565415,0.2227641659846995,0.0011406249832361937,107,107,61883,4727.184,11.563278784765538,49,0.001729069372848763,1606.0,1486.0,13.720390000000407,4.050093593832571e-13
native,synthetic,group,dp,0.01,13.720390000000002,153.26452999999998,45.0,3127.961,0.0009651788051645847,-0.0005283532810565415,0.2227641659846995,6.829199264757335e-05,107,107,61883,4727.184,11.563278784765538,49,0.001729069372848763,,,,
native,synthetic,group,cut,0.03,0.0,31.63643000000001,0.0,0.0,0.0,0.0,0.2227641659846995,0.001531792018795386,0,0,61883,0.0,0.0,0,0.0,1606.0,1486.0,5.4569682106375694e-12,5.4569682106375694e-12
native,synthetic,group,dp,0.03,0.0,31.63643000000001,0.0,0.0,0.0,0.0,0.2227641659846995,7.479099440388381e-05,0,0,61883,0.0,0.0,0,0.0,,,,
native,synthetic,group,cut,0.1,0.0,0.0,0.0,0.0,0.0,0.0,0.2227641659846995,0.0012055420083925128,0,0,61883,0.0,0.0,0,0.0,1606.0,1486.0,0.0,0.0
native,synthetic,group,dp,0.1,0.0,0.0,0.0,0.0,0.0,0.0,0.2227641659846995,7.420798647217453e-05,0,0,61883,0.0,0.0,0,0.0,,,,
native,synthetic,group,cut,0.3,0.0,0.0,0.0,0.0,0.0,0.0,0.2227641659846995,0.0012947909999638796,0,0,61883,0.0,0.0,0,0.0,1606.0,1486.0,0.0,0.0
native,synthetic,group,dp,0.3,0.0,0.0,0.0,0.0,0.0,0.0,0.2227641659846995,7.941597141325474e-05,0,0,61883,0.0,0.0,0,0.0,,,,
native,synthetic,group,cut,1.0,0.0,0.0,0.0,0.0,0.0,0.0,0.2227641659846995,0.0012015000102110207,0,0,61883,0.0,0.0,0,0.0,1606.0,1486.0,0.0,0.0
native,synthetic,group,dp,1.0,0.0,0.0,0.0,0.0,0.0,0.0,0.2227641659846995,6.900000153109431e-05,0,0,61883,0.0,0.0,0,0.0,,,,
native,synthetic,depth,cut,0.0,8755.0,8755.0,8755.0,5776399.558999959,0.6815442043856956,0.25290044481129914,0.2361754169978667,0.0008145409810822457,42176,42176,61883,5336419.381,13053.544142755803,17767,0.6815442043856956,803.0,695.0,8755.0,0.0
native,synthetic,depth,dp,0.0,8755.0,8755.0,8755.0,5776399.558999959,0.6815442043856956,0.25290044481129914,0.2361754169978667,6.754198693670332e-05,42176,42176,61883,5336419.381,13053.544142755803,17767,0.6815442043856956,,,,
native,synthetic,depth,cut,0.0001,8177.360044100004,8177.3600441000035,8755.0,5776399.558999959,0.6729208031591875,0.24485382672077774,0.2361754169978667,0.0009698750218376517,42176,42176,61883,5336419.381,13053.544142755803,17767,0.6815442043856956,803.0,695.0,8177.3600441000035,9.094947017729282e-13
native,synthetic,depth,dp,0.0001,8177.3600441000035,8177.3600441000035,8755.0,5776399.558999959,0.6729208031591875,0.24485382672077774,0.2361754169978667,6.474999827332795e-05,42176,42176,61883,5336419.381,13053.544142755803,17767,0.6815442043856956,,,,
native,synthetic,depth,cut,0.0003,7022.080132300012,7022.080132300012,8755.0,5776399.558999959,0.6556740007061713,0.22876059053973496,0.2361754169978667,0.0008359999919775873,42176,42176,61883,5336419.381,13053.544142755803,17767,0.6815442043856956,803.0,695.0,7022.080132300012,0.0
native,synthetic,depth,dp,0.0003,7022.080132300012,7022.080132300012,8755.0,5776399.558999959,0.6556740007061713,0.22876059053973496,0.2361754169978667,6.920800660736859e-05,42176,42176,61883,5336419.381,13053.544142755803,17767,0.6815442043856956,,,,
native,synthetic,depth,cut,0.001,2978.6004410000405,2979.82811100004,8755.0,5776399.558999959,0.5953101921206148,0.17243426390608518,0.2361754169978667,0.0008308749820571393,42176,42176,61883,5336419.381,13053.544142755803,17767,0.6815442043856956,803.0,695.0,2978.6004410000396,9.094947017729282e-13
native,synthetic,depth,dp,0.001,2978.6004410000396,2979.82811100004,8755.0,5776399.558999959,0.5953101921206148,0.17243426390608518,0.2361754169978667,6.587500683963299e-05,42176,42176,61883,5336419.381,13053.544142755803,17767,0.6815442043856956,,,,
native,synthetic,depth,cut,0.003,91.21127400000029,103.1888070000002,393.0,100596.24199999991,0.05848875647593038,-0.003643019580868529,0.2361754169978667,0.0007531250012107193,4138,4138,61883,172846.761,422.8046305129522,975,0.06686812210138487,803.0,695.0,91.21127400000114,8.526512829121202e-13
native,synthetic,depth,dp,0.003,91.21127400000027,103.1888070000002,393.0,100596.24199999991,0.05848875647593038,-0.003643019580868529,0.2361754169978667,6.67919812258333e-05,4138,4138,61883,172846.761,422.8046305129522,975,0.06686812210138487,,,,
native,synthetic,depth,cut,0.01,0.0,0.0,0.0,0.0,0.0,0.0,0.2361754169978667,0.0006430000066757202,0,0,61883,0.0,0.0,0,0.0,803.0,695.0,1.8189894035458565e-12,1.8189894035458565e-12
native,synthetic,depth,dp,0.01,0.0,0.0,0.0,0.0,0.0,0.0,0.2361754169978667,6.362501881085336e-05,0,0,61883,0.0,0.0,0,0.0,,,,
native,synthetic,depth,cut,0.03,0.0,0.0,0.0,0.0,0.0,0.0,0.2361754169978667,0.0006448749918490648,0,0,61883,0.0,0.0,0,0.0,803.0,695.0,0.0,0.0
native,synthetic,depth,dp,0.03,0.0,0.0,0.0,0.0,0.0,0.0,0.2361754169978667,6.770901381969452e-05,0,0,61883,0.0,0.0,0,0.0,,,,
native,synthetic,depth,cut,0.1,0.0,0.0,0.0,0.0,0.0,0.0,0.2361754169978667,0.0006374999938998371,0,0,61883,0.0,0.0,0,0.0,803.0,695.0,0.0,0.0
native,synthetic,depth,dp,0.1,0.0,0.0,0.0,0.0,0.0,0.0,0.2361754169978667,6.049999501556158e-05,0,0,61883,0.0,0.0,0,0.0,,,,
native,synthetic,depth,cut,0.3,0.0,0.0,0.0,0.0,0.0,0.0,0.2361754169978667,0.0006484169862233102,0,0,61883,0.0,0.0,0,0.0,803.0,695.0,0.0,0.0
native,synthetic,depth,dp,0.3,0.0,0.0,0.0,0.0,0.0,0.0,0.2361754169978667,6.283298716880381e-05,0,0,61883,0.0,0.0,0,0.0,,,,
native,synthetic,depth,cut,1.0,0.0,0.0,0.0,0.0,0.0,0.0,0.2361754169978667,0.0006805410084780306,0,0,61883,0.0,0.0,0,0.0,803.0,695.0,0.0,0.0
native,synthetic,depth,dp,1.0,0.0,0.0,0.0,0.0,0.0,0.0,0.2361754169978667,6.516597932204604e-05,0,0,61883,0.0,0.0,0,0.0,,,,
native,synthetic,group_depth,cut,0.0,8755.0,8755.0,8755.0,5774397.588999955,0.6800736874424317,0.25290044481129914,0.22583487498923205,0.0020131659985054284,42085,42085,61883,5330589.592,13039.283755289744,17759,0.6800736874424317,2362.0,1486.0,8755.0,0.0
native,synthetic,group_depth,dp,0.0,8755.0,8755.0,8755.0,5774397.588999955,0.6800736874424317,0.25290044481129914,0.22583487498923205,0.0002499170077499002,42085,42085,61883,5330589.592,13039.283755289744,17759,0.6800736874424317,,,,
native,synthetic,group_depth,cut,0.0001,8177.5602411000045,8177.560241100004,8755.0,5774397.588999955,0.6714597068791105,0.24485382672077774,0.22583487498923205,0.0019320420105941594,42085,42085,61883,5330589.592,13039.283755289744,17759,0.6800736874424317,2362.0,1486.0,8177.5602411000045,0.0
native,synthetic,group_depth,dp,0.0001,8177.560241100004,8177.560241100004,8755.0,5774397.588999955,0.6714597068791105,0.24485382672077774,0.22583487498923205,0.00025675000506453216,42085,42085,61883,5330589.592,13039.283755289744,17759,0.6800736874424317,,,,
native,synthetic,group_depth,cut,0.0003,7022.680723300014,7022.6807233000145,8755.0,5774397.588999955,0.6542317457524683,0.22876059053973496,0.22583487498923205,0.0019287500181235373,42085,42085,61883,5330589.592,13039.283755289744,17759,0.6800736874424317,2362.0,1486.0,7022.680723300014,0.0
native,synthetic,group_depth,dp,0.0003,7022.6807233000145,7022.6807233000145,8755.0,5774397.588999955,0.6542317457524683,0.22876059053973496,0.22583487498923205,0.000331540999468416,42085,42085,61883,5330589.592,13039.283755289744,17759,0.6800736874424317,,,,
native,synthetic,group_depth,cut,0.001,2980.6024110000453,2981.714289000045,8755.0,5774397.588999955,0.5939338818092206,0.17243426390608518,0.22583487498923205,0.00206041699857451,42085,42085,61883,5330589.592,13039.283755289744,17759,0.6800736874424317,2362.0,1486.0,2980.6024110000453,0.0
native,synthetic,group_depth,dp,0.001,2980.6024110000453,2981.714289000045,8755.0,5774397.588999955,0.5939338818092206,0.17243426390608518,0.22583487498923205,0.00027708400739356875,42085,42085,61883,5330589.592,13039.283755289744,17759,0.6800736874424317,,,,
native,synthetic,group_depth,cut,0.003,599.1598510000006,865.4979999999999,1630.0,343613.3829999998,0.072260682513776,-0.0014823889576741417,0.22583487498923205,0.0018490829970687628,5526,5526,61883,351430.728,859.6431789829016,1584,0.08929754536787163,2362.0,1486.0,599.159851000004,3.410605131648481e-12
native,synthetic,group_depth,dp,0.003,599.1598510000005,865.4979999999999,1630.0,343613.3829999998,0.072260682513776,-0.0014823889576741417,0.22583487498923205,0.00022749998606741428,5526,5526,61883,351430.728,859.6431789829016,1584,0.08929754536787163,,,,
native,synthetic,group_depth,cut,0.01,13.720389999999998,153.2645299999999,45.0,3127.9610000000002,0.0009651788051645847,-0.0005283532810565415,0.22583487498923205,0.0015144170029088855,107,107,61883,4727.184,11.563278784765538,49,0.001729069372848763,2362.0,1486.0,13.720390000002226,2.227551476607914e-12
native,synthetic,group_depth,dp,0.01,13.720390000000002,153.2645299999999,45.0,3127.9610000000002,0.0009651788051645847,-0.0005283532810565415,0.22583487498923205,0.00023033400066196918,107,107,61883,4727.184,11.563278784765538,49,0.001729069372848763,,,,
native,synthetic,group_depth,cut,0.03,0.0,31.636429999999997,0.0,0.0,0.0,0.0,0.22583487498923205,0.0014531249762512743,0,0,61883,0.0,0.0,0,0.0,2362.0,1486.0,3.637978807091713e-12,3.637978807091713e-12
native,synthetic,group_depth,dp,0.03,0.0,31.636429999999997,0.0,0.0,0.0,0.0,0.22583487498923205,0.0002912079798988998,0,0,61883,0.0,0.0,0,0.0,,,,
native,synthetic,group_depth,cut,0.1,0.0,0.0,0.0,0.0,0.0,0.0,0.22583487498923205,0.0014598749985452741,0,0,61883,0.0,0.0,0,0.0,2362.0,1486.0,0.0,0.0
native,synthetic,group_depth,dp,0.1,0.0,0.0,0.0,0.0,0.0,0.0,0.22583487498923205,0.0002531660138629377,0,0,61883,0.0,0.0,0,0.0,,,,
native,synthetic,group_depth,cut,0.3,0.0,0.0,0.0,0.0,0.0,0.0,0.22583487498923205,0.0015120000171009451,0,0,61883,0.0,0.0,0,0.0,2362.0,1486.0,0.0,0.0
native,synthetic,group_depth,dp,0.3,0.0,0.0,0.0,0.0,0.0,0.0,0.22583487498923205,0.00027062499430030584,0,0,61883,0.0,0.0,0,0.0,,,,
native,synthetic,group_depth,cut,1.0,0.0,0.0,0.0,0.0,0.0,0.0,0.22583487498923205,0.0014686250069644302,0,0,61883,0.0,0.0,0,0.0,2362.0,1486.0,0.0,0.0
native,synthetic,group_depth,dp,1.0,0.0,0.0,0.0,0.0,0.0,0.0,0.22583487498923205,0.00025025001377798617,0,0,61883,0.0,0.0,0,0.0,,,,
one_second,conversation,global,cut,0.0,37889.0,37889.0,37889.0,48238726.19993105,0.3391661458798322,0.2767700077553105,0.573196834011469,0.0024716670159250498,37990,37990,112010,48420128.0,34233.68778280543,49658,0.3391661458798322,2164.0,2152.0,37889.0,0.0
one_second,conversation,global,dp,0.0,37889.0,37889.0,37889.0,48238726.19993105,0.3391661458798322,0.2767700077553105,0.573196834011469,4.5541994040831923e-05,37990,37990,112010,48420128.0,34233.68778280543,49658,0.3391661458798322,,,,
one_second,conversation,global,cut,0.0001,33072.1017200047,33072.1017200047,36951.0,38788982.79995298,0.29705276225337024,0.2494540219796849,0.573196834011469,0.002353459014557302,37160,37160,112010,38871201.0,27482.466770361993,36033,0.3317560932059638,2164.0,2152.0,33072.1017200047,0.0
one_second,conversation,global,dp,0.0001,33072.1017200047,33072.1017200047,36951.0,38788982.79995298,0.29705276225337024,0.2494540219796849,0.573196834011469,4.225000157020986e-05,37160,37160,112010,38871201.0,27482.466770361993,36033,0.3317560932059638,,,,
one_second,conversation,global,cut,0.0003,25314.305160014108,25314.305160014108,36951.0,38788982.79995298,0.2276461003481832,0.19554083530368663,0.573196834011469,0.0026082499825861305,37160,37160,112010,38871201.0,27482.466770361993,36033,0.3317560932059638,2164.0,2152.0,25314.305160014108,0.0
one_second,conversation,global,dp,0.0003,25314.305160014108,25314.305160014108,36951.0,38788982.79995298,0.2276461003481832,0.19554083530368663,0.573196834011469,6.27499830443412e-05,37160,37160,112010,38871201.0,27482.466770361993,36033,0.3317560932059638,,,,
one_second,conversation,global,cut,0.001,9795.530799996899,9795.530799996899,21232.0,11436469.2000031,0.1025092759575038,0.07582868708267919,0.573196834011469,0.002379249985096976,22896,22896,112010,11413936.0,8069.807692307692,10162,0.2044103205070976,2164.0,2152.0,9795.5307999969,1.8189894035458565e-12
one_second,conversation,global,dp,0.001,9795.530799996899,9795.530799996899,21232.0,11436469.2000031,0.1025092759575038,0.07582868708267919,0.573196834011469,0.00011320901103317738,22896,22896,112010,11413936.0,8069.807692307692,10162,0.2044103205070976,,,,
one_second,conversation,global,cut,0.003,2425.400999999986,2425.400999999986,3393.0,322533.00000000466,0.027428086777966255,0.028240467588476745,0.573196834011469,0.0019070830021519214,4036,4036,112010,321260.0,227.1351809954751,1313,0.03603249709847335,2164.0,2152.0,2425.4009999999835,2.7284841053187847e-12
one_second,conversation,global,dp,0.003,2425.400999999986,2425.400999999986,3393.0,322533.00000000466,0.027428086777966255,0.028240467588476745,0.573196834011469,4.14160022046417e-05,4036,4036,112010,321260.0,227.1351809954751,1313,0.03603249709847335,,,,
one_second,conversation,global,cut,0.01,167.66999999995323,167.66999999995323,3393.0,322533.00000000466,0.007351129363449693,0.008158132672555659,0.573196834011469,0.002123209007550031,4036,4036,112010,321260.0,227.1351809954751,1313,0.03603249709847335,2164.0,2152.0,167.6699999999546,1.3642420526593924e-12
one_second,conversation,global,dp,0.01,167.66999999995323,167.66999999995323,3393.0,322533.00000000466,0.007351129363449693,0.008158132672555659,0.573196834011469,4.33750101365149e-05,4036,4036,112010,321260.0,227.1351809954751,1313,0.03603249709847335,,,,
one_second,conversation,global,cut,0.03,0.0,0.0,0.0,0.0,0.0,0.0,0.573196834011469,0.0024323750112671405,0,0,112010,0.0,0.0,0,0.0,2164.0,2152.0,0.0,0.0
one_second,conversation,global,dp,0.03,0.0,0.0,0.0,0.0,0.0,0.0,0.573196834011469,4.616699879989028e-05,0,0,112010,0.0,0.0,0,0.0,,,,
one_second,conversation,global,cut,0.1,0.0,0.0,0.0,0.0,0.0,0.0,0.573196834011469,0.002274208003655076,0,0,112010,0.0,0.0,0,0.0,2164.0,2152.0,0.0,0.0
one_second,conversation,global,dp,0.1,0.0,0.0,0.0,0.0,0.0,0.0,0.573196834011469,4.079198697581887e-05,0,0,112010,0.0,0.0,0,0.0,,,,
one_second,conversation,global,cut,0.3,0.0,0.0,0.0,0.0,0.0,0.0,0.573196834011469,0.002234375016996637,0,0,112010,0.0,0.0,0,0.0,2164.0,2152.0,0.0,0.0
one_second,conversation,global,dp,0.3,0.0,0.0,0.0,0.0,0.0,0.0,0.573196834011469,4.4374988647177815e-05,0,0,112010,0.0,0.0,0,0.0,,,,
one_second,conversation,global,cut,1.0,0.0,0.0,0.0,0.0,0.0,0.0,0.573196834011469,0.0023210409854073077,0,0,112010,0.0,0.0,0,0.0,2164.0,2152.0,0.0,0.0
one_second,conversation,global,dp,1.0,0.0,0.0,0.0,0.0,0.0,0.0,0.573196834011469,4.837499000132084e-05,0,0,112010,0.0,0.0,0,0.0,,,,
one_second,conversation,group,cut,0.0,37889.0,37889.0,37889.0,48190458.1999312,0.33900544594232657,0.2767700077553105,0.6948082500020973,0.004235875006997958,37972,37972,112010,48403520.0,34221.945701357465,49658,0.33900544594232657,3938.0,3818.0,37889.0,0.0
one_second,conversation,group,dp,0.0,37889.0,37889.0,37889.0,48190458.1999312,0.33900544594232657,0.2767700077553105,0.6948082500020973,7.541701779700816e-05,37972,37972,112010,48403520.0,34221.945701357465,49658,0.33900544594232657,,,,
one_second,conversation,group,cut,0.0001,33074.679380004694,33074.679380004694,36950.0,38753206.199953035,0.29690474689759844,0.2494540219796849,0.6948082500020973,0.007727916992735118,37142,37142,112010,38856993.0,27472.421521493212,36033,0.33159539326845816,3938.0,3818.0,33074.679380004694,0.0
one_second,conversation,group,dp,0.0001,33074.679380004694,33074.679380004694,36950.0,38753206.199953035,0.29690474689759844,0.2494540219796849,0.6948082500020973,7.179199019446969e-05,37142,37142,112010,38856993.0,27472.421521493212,36033,0.33159539326845816,,,,
one_second,conversation,group,cut,0.0003,25324.03814001409,25324.03814001409,36950.0,38753206.199953035,0.22752345415587893,0.19554083530368663,0.6948082500020973,0.004158209019806236,37142,37142,112010,38856993.0,27472.421521493212,36033,0.33159539326845816,3938.0,3818.0,25324.03814001409,0.0
one_second,conversation,group,dp,0.0003,25324.03814001409,25324.03814001409,36950.0,38753206.199953035,0.22752345415587893,0.19554083530368663,0.6948082500020973,8.237498695962131e-05,37142,37142,112010,38856993.0,27472.421521493212,36033,0.33159539326845816,,,,
one_second,conversation,group,cut,0.001,10398.643399996918,10398.643399996918,22027.0,11628356.600003082,0.10603459512543523,0.08048400703652563,0.6948082500020973,0.004392333998112008,23462,23462,112010,11585065.0,8190.798218325792,10314,0.20946344076421747,3938.0,3818.0,10398.643399996916,1.8189894035458565e-12
one_second,conversation,group,dp,0.001,10398.643399996918,10398.643399996918,22027.0,11628356.600003082,0.10603459512543523,0.08048400703652563,0.6948082500020973,7.841599290259182e-05,23462,23462,112010,11585065.0,8190.798218325792,10314,0.20946344076421747,,,,
one_second,conversation,group,cut,0.003,6500.6900000000005,6500.690000000001,7574.0,357769.99999999977,0.04647060976698509,0.05591009136134072,0.6948082500020973,0.004016791004687548,5888,5888,112010,227609.0,160.92265271493213,292,0.052566735112936344,3938.0,3818.0,6500.689999999999,1.8189894035458565e-12
one_second,conversation,group,dp,0.003,6500.690000000001,6500.690000000001,7574.0,357769.99999999977,0.04647060976698509,0.05591009136134072,0.6948082500020973,7.249999907799065e-05,5888,5888,112010,227609.0,160.92265271493213,292,0.052566735112936344,,,,
one_second,conversation,group,cut,0.01,4903.626000000001,4903.626000000001,5979.0,107537.39999999986,0.04576984197839479,0.04696063707038418,0.6948082500020973,0.0031140840146690607,5415,5415,112010,28832.0,20.384615384615383,64,0.04834389786626194,3938.0,3818.0,4903.626000000004,2.7284841053187847e-12
one_second,conversation,group,dp,0.01,4903.626000000001,4903.626000000001,5979.0,107537.39999999986,0.04576984197839479,0.04696063707038418,0.6948082500020973,7.18749943189323e-05,5415,5415,112010,28832.0,20.384615384615383,64,0.04834389786626194,,,,
one_second,conversation,group,cut,0.03,4348.568,4348.568,4391.0,1414.4,0.0458406392286403,0.04580990031588703,0.6948082500020973,0.003204084001481533,5177,5177,112010,1413.0,0.9990101809954751,1,0.046219087581465944,3938.0,3818.0,4348.567999999999,9.094947017729282e-13
one_second,conversation,group,dp,0.03,4348.568,4348.568,4391.0,1414.4,0.0458406392286403,0.04580990031588703,0.6948082500020973,7.675000233575702e-05,5177,5177,112010,1413.0,0.9990101809954751,1,0.046219087581465944,,,,
one_second,conversation,group,cut,0.1,4249.56,4249.56,4391.0,1414.4,0.044957593072047136,0.04487563130118978,0.6948082500020973,0.0032246659975498915,5177,5177,112010,1413.0,0.9990101809954751,1,0.046219087581465944,3938.0,3818.0,4249.559999999998,2.7284841053187847e-12
one_second,conversation,group,dp,0.1,4249.56,4249.56,4391.0,1414.4,0.044957593072047136,0.04487563130118978,0.6948082500020973,6.645798566751182e-05,5177,5177,112010,1413.0,0.9990101809954751,1,0.046219087581465944,,,,
one_second,conversation,group,cut,0.3,3966.68,3966.68,4391.0,1414.4,0.042434604053209535,0.042206291259197615,0.6948082500020973,0.002903334010625258,5177,5177,112010,1413.0,0.9990101809954751,1,0.046219087581465944,3938.0,3818.0,3966.6800000000003,4.547473508864641e-13
one_second,conversation,group,dp,0.3,3966.68,3966.68,4391.0,1414.4,0.042434604053209535,0.042206291259197615,0.6948082500020973,7.62919953558594e-05,5177,5177,112010,1413.0,0.9990101809954751,1,0.046219087581465944,,,,
one_second,conversation,group,cut,1.0,2976.6,2976.6,4391.0,1414.4,0.03360414248727792,0.03286360111222502,0.6948082500020973,0.0029777079762425274,5177,5177,112010,1413.0,0.9990101809954751,1,0.046219087581465944,3938.0,3818.0,2976.5999999999985,1.3642420526593924e-12
one_second,conversation,group,dp,1.0,2976.6,2976.6,4391.0,1414.4,0.03360414248727792,0.03286360111222502,0.6948082500020973,7.741700392216444e-05,5177,5177,112010,1413.0,0.9990101809954751,1,0.046219087581465944,,,,
one_second,conversation,depth,cut,0.0,37889.0,37889.0,37889.0,48238726.2000127,0.3391661458798322,0.2767700077553105,0.6881739589734934,0.0023914999910630286,37990,37990,112010,48420128.0,34233.68778280543,49658,0.3391661458798322,2260.0,2152.0,37889.0,0.0
one_second,conversation,depth,dp,0.0,37889.0,37889.0,37889.0,48238726.2000127,0.3391661458798322,0.2767700077553105,0.6881739589734934,0.00011354198795743287,37990,37990,112010,48420128.0,34233.68778280543,49658,0.3391661458798322,,,,
one_second,conversation,depth,cut,0.0001,33121.041799998726,33137.144699998906,37886.0,47649582.00001278,0.29620281939112575,0.2492867255565854,0.6881739589734934,0.0025469169777352363,37983,37983,112010,48053222.0,33974.280260180996,49201,0.3391036514596911,2260.0,2152.0,33121.04179999872,7.275957614183426e-12
one_second,conversation,depth,dp,0.0001,33121.04179999872,33137.144699998906,37886.0,47649582.00001278,0.29620281939112575,0.2492867255565854,0.6881739589734934,7.44589779060334e-05,37983,37983,112010,48053222.0,33974.280260180996,49201,0.3391036514596911,,,,
one_second,conversation,depth,cut,0.0003,25434.379279997578,25434.379279997574,36815.0,37935402.400008075,0.22624967056512812,0.19572220591295136,0.6881739589734934,0.002847124997060746,36829,36829,112010,38289248.0,27071.018099547513,35304,0.32880099991072226,2260.0,2152.0,25434.379279997574,3.637978807091713e-12
one_second,conversation,depth,dp,0.0003,25434.379279997574,25434.379279997574,36815.0,37935402.400008075,0.22624967056512812,0.19572220591295136,0.6881739589734934,7.333297980949283e-05,36829,36829,112010,38289248.0,27071.018099547513,35304,0.32880099991072226,,,,
one_second,conversation,depth,cut,0.001,9817.7636000006,9817.7636000006,21676.0,11858236.399999399,0.10268829568788501,0.0763330205988613,0.6881739589734934,0.002939875004813075,23402,23402,112010,11899884.0,8413.379524886877,10544,0.20892777430586554,2260.0,2152.0,9817.763600000602,1.8189894035458565e-12
one_second,conversation,depth,dp,0.001,9817.7636000006,9817.7636000006,21676.0,11858236.399999399,0.10268829568788501,0.0763330205988613,0.6881739589734934,7.537499186582863e-05,23402,23402,112010,11899884.0,8413.379524886877,10544,0.20892777430586554,,,,
one_second,conversation,depth,cut,0.003,4386.7568,4386.7568,4391.0,1414.4,0.04618124274618338,0.046170261221555986,0.6881739589734934,0.002224374999059364,5177,5177,112010,1413.0,0.9990101809954751,1,0.046219087581465944,2260.0,2152.0,4386.756800000003,2.7284841053187847e-12
one_second,conversation,depth,dp,0.003,4386.7568,4386.7568,4391.0,1414.4,0.04618124274618338,0.046170261221555986,0.6881739589734934,6.895800470374525e-05,5177,5177,112010,1413.0,0.9990101809954751,1,0.046219087581465944,,,,
one_second,conversation,depth,cut,0.01,4376.856,4376.856,4391.0,1414.4,0.04609293813052406,0.04607683432008625,0.6881739589734934,0.0021604590001516044,5177,5177,112010,1413.0,0.9990101809954751,1,0.046219087581465944,2260.0,2152.0,4376.856,0.0
one_second,conversation,depth,dp,0.01,4376.856,4376.856,4391.0,1414.4,0.04609293813052406,0.04607683432008625,0.6881739589734934,6.424999446608126e-05,5177,5177,112010,1413.0,0.9990101809954751,1,0.046219087581465944,,,,
one_second,conversation,depth,cut,0.03,4348.568,4348.568,4391.0,1414.4,0.0458406392286403,0.04580990031588703,0.6881739589734934,0.0021892079967074096,5177,5177,112010,1413.0,0.9990101809954751,1,0.046219087581465944,2260.0,2152.0,4348.567999999999,9.094947017729282e-13
one_second,conversation,depth,dp,0.03,4348.568,4348.568,4391.0,1414.4,0.0458406392286403,0.04580990031588703,0.6881739589734934,7.037498289719224e-05,5177,5177,112010,1413.0,0.9990101809954751,1,0.046219087581465944,,,,
one_second,conversation,depth,cut,0.1,4249.56,4249.56,4391.0,1414.4,0.044957593072047136,0.04487563130118978,0.6881739589734934,0.002083457977278158,5177,5177,112010,1413.0,0.9990101809954751,1,0.046219087581465944,2260.0,2152.0,4249.559999999998,2.7284841053187847e-12
one_second,conversation,depth,dp,0.1,4249.56,4249.56,4391.0,1414.4,0.044957593072047136,0.04487563130118978,0.6881739589734934,7.079102215357125e-05,5177,5177,112010,1413.0,0.9990101809954751,1,0.046219087581465944,,,,
one_second,conversation,depth,cut,0.3,3966.68,3966.68,4391.0,1414.4,0.042434604053209535,0.042206291259197615,0.6881739589734934,0.0021581659966614097,5177,5177,112010,1413.0,0.9990101809954751,1,0.046219087581465944,2260.0,2152.0,3966.6800000000003,4.547473508864641e-13
one_second,conversation,depth,dp,0.3,3966.68,3966.68,4391.0,1414.4,0.042434604053209535,0.042206291259197615,0.6881739589734934,7.029101834632456e-05,5177,5177,112010,1413.0,0.9990101809954751,1,0.046219087581465944,,,,
one_second,conversation,depth,cut,1.0,2976.6,2976.6,4391.0,1414.4,0.03360414248727792,0.03286360111222502,0.6881739589734934,0.002198667003540322,5177,5177,112010,1413.0,0.9990101809954751,1,0.046219087581465944,2260.0,2152.0,2976.5999999999985,1.3642420526593924e-12
one_second,conversation,depth,dp,1.0,2976.6,2976.6,4391.0,1414.4,0.03360414248727792,0.03286360111222502,0.6881739589734934,7.137501961551607e-05,5177,5177,112010,1413.0,0.9990101809954751,1,0.046219087581465944,,,,
one_second,conversation,group_depth,cut,0.0,37889.0,37889.0,37889.0,48145476.80001257,0.3387465404874565,0.27673217697240243,0.7107570000225678,0.0046826250036247075,37943,37943,112010,48390746.0,34212.91430995475,49655,0.3387465404874565,4694.0,3818.0,37889.0,0.0
one_second,conversation,group_depth,dp,0.0,37889.0,37889.0,37889.0,48145476.80001257,0.3387465404874565,0.27673217697240243,0.7107570000225678,0.00025504198856651783,37943,37943,112010,48400046.0,34219.48953619909,49655,0.3387465404874565,,,,
one_second,conversation,group_depth,cut,0.0001,33128.86591999873,33144.96437999893,37886.0,47571340.800012656,0.2958094455852156,0.24924918531409007,0.7107570000225678,0.004564792005112395,37936,37936,112010,48023840.0,33953.50678733032,49198,0.3386840460673154,4694.0,3818.0,33128.86591999873,0.0
one_second,conversation,group_depth,dp,0.0001,33128.86591999873,33144.96437999893,37886.0,47571340.800012656,0.29580114275511116,0.24924918531409007,0.7107570000225678,0.00024087500059977174,37936,37936,112010,48033140.0,33960.08201357466,49198,0.3386840460673154,,,,
one_second,conversation,group_depth,cut,0.0003,25461.801359997648,25461.801359997644,36831.0,37897328.80000784,0.22602441478439428,0.19568491421869974,0.7107570000225678,0.004723291989648715,36799,36799,112010,38273351.0,27059.77870475113,35301,0.3285331666815463,4694.0,3818.0,25461.801359997648,0.0
one_second,conversation,group_depth,dp,0.0003,25461.801359997644,25461.801359997644,36831.0,37897328.80000784,0.22602441478439428,0.19568491421869974,0.7107570000225678,0.0002615420089568943,36799,36799,112010,38273351.0,27059.77870475113,35301,0.3285331666815463,,,,
one_second,conversation,group_depth,cut,0.001,10514.878800000537,10662.713800000533,20623.0,10108121.199999463,0.10403276493170252,0.08837183498212495,0.7107570000225678,0.00456216698512435,22212,22212,112010,10559290.0,7465.561368778281,9089,0.19830372288188555,4694.0,3818.0,10514.878800000537,0.0
one_second,conversation,group_depth,dp,0.001,10514.878800000537,10662.713800000533,20623.0,10108121.199999463,0.10403276493170252,0.08837183498212495,0.7107570000225678,0.0002580830187071115,22212,22212,112010,10559290.0,7465.561368778281,9089,0.19830372288188555,,,,
one_second,conversation,group_depth,cut,0.003,6618.8812,6618.8812,7894.0,425039.6000000001,0.046824354968306406,0.057855028656818054,0.7107570000225678,0.004270832985639572,6130,6130,112010,295068.0,208.6170814479638,288,0.05472725649495581,4694.0,3818.0,6618.881199999985,1.4551915228366852e-11
one_second,conversation,group_depth,dp,0.003,6618.8812,6618.8812,7894.0,425039.6000000001,0.046824354968306406,0.057855028656818054,0.7107570000225678,0.0002470419858582318,6130,6130,112010,295068.0,208.6170814479638,288,0.05472725649495581,,,,
one_second,conversation,group_depth,cut,0.01,5022.268,5024.155999999999,6250.0,122773.20000000004,0.044683510400857065,0.04632481510204854,0.7107570000225678,0.003967208991525695,5563,5563,112010,55800.0,39.45135746606335,167,0.04966520846353004,4694.0,3818.0,5022.267999999982,1.8189894035458565e-11
one_second,conversation,group_depth,dp,0.01,5022.267999999999,5024.155999999999,6250.0,122773.20000000004,0.044683510400857065,0.04632481510204854,0.7107570000225678,0.00026420800713822246,5563,5563,112010,55800.0,39.45135746606335,167,0.04966520846353004,,,,
one_second,conversation,group_depth,cut,0.03,4348.568,4348.568,4391.0,1414.4,0.0458406392286403,0.04580990031588703,0.7107570000225678,0.003847959014819935,5177,5177,112010,1413.0,0.9990101809954751,1,0.046219087581465944,4694.0,3818.0,4348.567999999999,9.094947017729282e-13
one_second,conversation,group_depth,dp,0.03,4348.568,4348.568,4391.0,1414.4,0.0458406392286403,0.04580990031588703,0.7107570000225678,0.0002483749995008111,5177,5177,112010,1413.0,0.9990101809954751,1,0.046219087581465944,,,,
one_second,conversation,group_depth,cut,0.1,4249.56,4249.56,4391.0,1414.4,0.044957593072047136,0.04487563130118978,0.7107570000225678,0.003927540994482115,5177,5177,112010,1413.0,0.9990101809954751,1,0.046219087581465944,4694.0,3818.0,4249.559999999998,2.7284841053187847e-12
one_second,conversation,group_depth,dp,0.1,4249.56,4249.56,4391.0,1414.4,0.044957593072047136,0.04487563130118978,0.7107570000225678,0.0002472500200383365,5177,5177,112010,1413.0,0.9990101809954751,1,0.046219087581465944,,,,
one_second,conversation,group_depth,cut,0.3,3966.68,3966.68,4391.0,1414.4,0.042434604053209535,0.042206291259197615,0.7107570000225678,0.003847957996185869,5177,5177,112010,1413.0,0.9990101809954751,1,0.046219087581465944,4694.0,3818.0,3966.6800000000003,4.547473508864641e-13
one_second,conversation,group_depth,dp,0.3,3966.68,3966.68,4391.0,1414.4,0.042434604053209535,0.042206291259197615,0.7107570000225678,0.0002466249861754477,5177,5177,112010,1413.0,0.9990101809954751,1,0.046219087581465944,,,,
one_second,conversation,group_depth,cut,1.0,2976.6,2976.6,4391.0,1414.4,0.03360414248727792,0.03286360111222502,0.7107570000225678,0.0036061250139027834,5177,5177,112010,1413.0,0.9990101809954751,1,0.046219087581465944,4694.0,3818.0,2976.5999999999985,1.3642420526593924e-12
one_second,conversation,group_depth,dp,1.0,2976.6,2976.6,4391.0,1414.4,0.03360414248727792,0.03286360111222502,0.7107570000225678,0.0002537920081522316,5177,5177,112010,1413.0,0.9990101809954751,1,0.046219087581465944,,,,
one_second,toolagent,global,cut,0.0,84504.0,84504.0,84504.0,44654958.79993672,0.5712112279634102,0.5300983450536668,0.5791503750078846,0.0025166669802274555,90108,90108,157749,44503344.0,31464.468325791855,45184,0.5712112279634102,2156.0,2144.0,84504.0,0.0
one_second,toolagent,global,dp,0.0,84504.0,84504.0,84504.0,44654958.79993672,0.5712112279634102,0.5300983450536668,0.5791503750078846,4.183399141766131e-05,90108,90108,157749,44503344.0,31464.468325791855,45184,0.5712112279634102,,,,
one_second,toolagent,global,cut,0.0001,80634.08812000437,80634.08812000437,84219.0,35849118.7999563,0.5450514101515699,0.5121373338444457,0.5791503750078846,0.0024166250077541918,89545,89545,157749,35636851.0,25195.73741515837,32272,0.567642267145909,2156.0,2144.0,80634.08812000437,0.0
one_second,toolagent,global,dp,0.0001,80634.08812000437,80634.08812000437,84219.0,35849118.7999563,0.5450514101515699,0.5121373338444457,0.5791503750078846,4.3167005060240626e-05,89545,89545,157749,35636851.0,25195.73741515837,32272,0.567642267145909,,,,
one_second,toolagent,global,cut,0.0003,73464.26436001311,73464.26436001311,84219.0,35849118.7999563,0.49986969616289173,0.47671761143129066,0.5791503750078846,0.0026526670262683183,89545,89545,157749,35636851.0,25195.73741515837,32272,0.567642267145909,2156.0,2144.0,73464.26436001311,0.0
one_second,toolagent,global,dp,0.0003,73464.26436001311,73464.26436001311,84219.0,35849118.7999563,0.49986969616289173,0.47671761143129066,0.5791503750078846,4.383301711641252e-05,89545,89545,157749,35636851.0,25195.73741515837,32272,0.567642267145909,,,,
one_second,toolagent,global,cut,0.001,58162.30019999717,58162.30019999717,68851.0,10688699.800002832,0.4161024412199127,0.39480342357108866,0.5791503750078846,0.0022982090013101697,76219,76219,157749,10579256.0,7479.6776018099545,8863,0.48316629582437925,2156.0,2144.0,58162.30019999717,0.0
one_second,toolagent,global,dp,0.001,58162.30019999717,58162.30019999717,68851.0,10688699.800002832,0.4161024412199127,0.39480342357108866,0.5791503750078846,4.012498538941145e-05,76219,76219,157749,10579256.0,7479.6776018099545,8863,0.48316629582437925,,,,
one_second,toolagent,global,cut,0.003,49057.10819999997,49057.10819999997,52140.0,1027630.6000000088,0.3509772550063709,0.3519761063818538,0.5791503750078846,0.0021493330132216215,58404,58404,157749,1012563.0,715.895786199095,1811,0.3702337257288477,2156.0,2144.0,49057.10819999997,0.0
one_second,toolagent,global,dp,0.003,49057.10819999997,49057.10819999997,52140.0,1027630.6000000088,0.3509772550063709,0.3519761063818538,0.5791503750078846,4.370900569483638e-05,58404,58404,157749,1012563.0,715.895786199095,1811,0.3702337257288477,,,,
one_second,toolagent,global,cut,0.01,41863.693999999916,41863.693999999916,52140.0,1027630.6000000088,0.3060454899872582,0.30718273145455505,0.5791503750078846,0.0018856659880839288,58404,58404,157749,1012563.0,715.895786199095,1811,0.3702337257288477,2156.0,2144.0,41863.693999999916,0.0
one_second,toolagent,global,dp,0.01,41863.693999999916,41863.693999999916,52140.0,1027630.6000000088,0.3060454899872582,0.30718273145455505,0.5791503750078846,4.441701457835734e-05,58404,58404,157749,1012563.0,715.895786199095,1811,0.3702337257288477,,,,
one_second,toolagent,global,cut,0.03,29691.393999999862,29691.393999999862,39418.0,324220.20000000467,0.22093490291539092,0.22513681065933483,0.5791503750078846,0.0021345000131987035,44460,44460,157749,320258.0,226.42675339366517,1138,0.2818401384477873,2156.0,2144.0,29691.393999999862,0.0
one_second,toolagent,global,dp,0.03,29691.393999999862,29691.393999999862,39418.0,324220.20000000467,0.22093490291539092,0.22513681065933483,0.5791503750078846,4.3750012991949916e-05,44460,44460,157749,320258.0,226.42675339366517,1138,0.2818401384477873,,,,
one_second,toolagent,global,cut,0.1,6995.97999999953,6995.97999999953,39418.0,324220.20000000467,0.07882268667313262,0.08258208639560091,0.5791503750078846,0.0020596660033334047,44460,44460,157749,320258.0,226.42675339366517,1138,0.2818401384477873,2156.0,2144.0,6995.97999999953,0.0
one_second,toolagent,global,dp,0.1,6995.97999999953,6995.97999999953,39418.0,324220.20000000467,0.07882268667313262,0.08258208639560091,0.5791503750078846,3.9915990782901645e-05,44460,44460,157749,320258.0,226.42675339366517,1138,0.2818401384477873,,,,
one_second,toolagent,global,cut,0.3,0.0,0.0,0.0,0.0,0.0,0.0,0.5791503750078846,0.0023119589895941317,0,0,157749,0.0,0.0,0,0.0,2156.0,2144.0,0.0,0.0
one_second,toolagent,global,dp,0.3,0.0,0.0,0.0,0.0,0.0,0.0,0.5791503750078846,4.112499300390482e-05,0,0,157749,0.0,0.0,0,0.0,,,,
one_second,toolagent,global,cut,1.0,0.0,0.0,0.0,0.0,0.0,0.0,0.5791503750078846,0.002179957984481007,0,0,157749,0.0,0.0,0,0.0,2156.0,2144.0,0.0,0.0
one_second,toolagent,global,dp,1.0,0.0,0.0,0.0,0.0,0.0,0.0,0.5791503750078846,4.1624996811151505e-05,0,0,157749,0.0,0.0,0,0.0,,,,
one_second,toolagent,group,cut,0.0,84504.0,84504.0,84504.0,44606690.79994123,0.5710971226442006,0.5300983450536668,0.7857030419982038,0.0037970840057823807,90090,90090,157749,44486736.0,31452.726244343892,45184,0.5710971226442006,3585.0,3465.0,84504.0,0.0
one_second,toolagent,group,dp,0.0,84504.0,84504.0,84504.0,44606690.79994123,0.5710971226442006,0.5300983450536668,0.7857030419982038,7.583299884572625e-05,90090,90090,157749,44486736.0,31452.726244343892,45184,0.5710971226442006,,,,
one_second,toolagent,group,cut,0.0001,80715.02154000405,80715.02154000406,84132.0,34169784.59995946,0.5457460998167977,0.5124683897319304,0.7857030419982038,0.0042142500169575214,89485,89485,157749,33940985.0,23996.73713235294,30855,0.5672619160818769,3585.0,3465.0,80715.02154000406,1.4551915228366852e-11
one_second,toolagent,group,dp,0.0001,80715.02154000406,80715.02154000406,84132.0,34169784.59995946,0.5457460998167977,0.5124683897319304,0.7857030419982038,0.00011687498772516847,89485,89485,157749,33940985.0,23996.73713235294,30855,0.5672619160818769,,,,
one_second,toolagent,group,cut,0.0003,73912.41900001216,73912.41900001217,84075.0,33875269.999959454,0.5024173592225624,0.4788820464759689,0.7857030419982038,0.004243915987899527,89343,89343,157749,33623880.0,23772.539592760182,30599,0.5663617518970009,3585.0,3465.0,73912.41900001216,0.0
one_second,toolagent,group,dp,0.0003,73912.41900001217,73912.41900001217,84075.0,33875269.999959454,0.5024173592225624,0.4788820464759689,0.7857030419982038,7.229100447148085e-05,89343,89343,157749,33623880.0,23772.539592760182,30599,0.5663617518970009,,,,
one_second,toolagent,group,cut,0.001,58893.58419999735,58893.584199997335,69270.0,10376415.800002653,0.4197354404782281,0.3998421165336012,0.7857030419982038,0.004491542000323534,76421,76421,157749,10208154.0,7217.303450226244,8721,0.4844468110732873,3585.0,3465.0,58893.58419999735,0.0
one_second,toolagent,group,dp,0.001,58893.584199997335,58893.584199997335,69270.0,10376415.800002653,0.4197354404782281,0.3998421165336012,0.7857030419982038,8.38330015540123e-05,76421,76421,157749,10208154.0,7217.303450226244,8721,0.4844468110732873,,,,
one_second,toolagent,group,cut,0.003,53593.656,53593.655999999995,54600.0,335447.9999999999,0.3683719706622546,0.37418865066356477,0.7857030419982038,0.0032779169850982726,58609,58609,157749,166230.0,117.5268665158371,264,0.3715332585309574,3585.0,3465.0,53593.656,0.0
one_second,toolagent,group,dp,0.003,53593.655999999995,53593.655999999995,54600.0,335447.9999999999,0.3683719706622546,0.37418865066356477,0.7857030419982038,7.599999662488699e-05,58609,58609,157749,166230.0,117.5268665158371,264,0.3715332585309574,,,,
one_second,toolagent,group,cut,0.01,51791.224,51791.223999999995,53551.0,175977.59999999986,0.36516092019600754,0.3659928884893988,0.7857030419982038,0.003012332977959886,58583,58583,157749,97923.0,69.23289027149322,139,0.3713684397365435,3585.0,3465.0,51791.224,0.0
one_second,toolagent,group,dp,0.01,51786.51,51791.223999999995,53555.0,176848.99999999988,0.36513309117648923,0.3659735102839317,0.7857030419982038,7.266699685715139e-05,58587,58587,157749,98762.0,69.82607466063348,139,0.3713937964741456,,,,
one_second,toolagent,group,cut,0.03,49867.362,49867.362,51963.0,69854.60000000003,0.3564515781399565,0.3557620419817057,0.7857030419982038,0.002787542005535215,58345,58345,157749,70504.0,49.8472850678733,101,0.3698597138492162,3585.0,3465.0,49867.362,0.0
one_second,toolagent,group,dp,0.03,49867.362,49867.362,51963.0,69854.60000000003,0.3564515781399565,0.3557620419817057,0.7857030419982038,6.658301572315395e-05,58345,58345,157749,70504.0,49.8472850678733,101,0.3698597138492162,,,,
one_second,toolagent,group,cut,0.1,44981.14,44981.13999999999,51956.0,69748.60000000003,0.3252305878325695,0.32223206260244275,0.7857030419982038,0.002989708009408787,58343,58343,157749,70382.0,49.7610294117647,101,0.3698470354804151,3585.0,3465.0,44981.14,0.0
one_second,toolagent,group,dp,0.1,44981.13999999999,44981.13999999999,51956.0,69748.60000000003,0.3252305878325695,0.32223206260244275,0.7857030419982038,6.604200461879373e-05,58343,58343,157749,70382.0,49.7610294117647,101,0.3698470354804151,,,,
one_second,toolagent,group,cut,0.3,33051.09999999999,33051.1,50404.0,57843.00000000002,0.2459749348648803,0.2422360281288003,0.7857030419982038,0.0030624159844592214,56775,56775,157749,59909.0,42.35647624434389,90,0.35990719434037616,3585.0,3465.0,33051.1,7.275957614183426e-12
one_second,toolagent,group,dp,0.3,33051.1,33051.1,50404.0,57843.00000000002,0.2459749348648803,0.2422360281288003,0.7857030419982038,7.137499051168561e-05,56775,56775,157749,59909.0,42.35647624434389,90,0.35990719434037616,,,,
one_second,toolagent,group,cut,1.0,10600.599999999999,10600.599999999999,37748.0,27147.4,0.09477080678799865,0.0870221540739174,0.7857030419982038,0.0027596250001806766,43007,43007,157749,28057.0,19.836679864253394,71,0.27262930351380993,3585.0,3465.0,10600.599999999991,7.275957614183426e-12
one_second,toolagent,group,dp,1.0,10600.599999999999,10600.599999999999,37748.0,27147.4,0.09477080678799865,0.0870221540739174,0.7857030419982038,8.837500354275107e-05,43007,43007,157749,28057.0,19.836679864253394,71,0.27262930351380993,,,,
one_second,toolagent,depth,cut,0.0,84504.0,84504.0,84504.0,44654958.80001173,0.5712112279634102,0.5300983450536668,0.7308467920229305,0.0023438330099452287,90108,90108,157749,44503344.0,31464.468325791855,45184,0.5712112279634102,2252.0,2144.0,84504.0,0.0
one_second,toolagent,depth,dp,0.0,84504.0,84504.0,84504.0,44654958.80001173,0.5712112279634102,0.5300983450536668,0.7308467920229305,8.074997458606958e-05,90108,90108,157749,44503344.0,31464.468325791855,45184,0.5712112279634102,,,,
one_second,toolagent,depth,cut,0.0001,80634.08811999933,80634.08811999933,84219.0,35849118.80000672,0.5450514101515699,0.5121373338444457,0.7308467920229305,0.0024299170181620866,89545,89545,157749,35636851.0,25195.73741515837,32272,0.567642267145909,2252.0,2144.0,80634.08811999933,0.0
one_second,toolagent,depth,dp,0.0001,80634.08811999933,80634.08811999933,84219.0,35849118.80000672,0.5450514101515699,0.5121373338444457,0.7308467920229305,7.837501470930874e-05,89545,89545,157749,35636851.0,25195.73741515837,32272,0.567642267145909,,,,
one_second,toolagent,depth,cut,0.0003,73550.10313999795,73550.10313999795,84083.0,35109656.200006805,0.4999578837266797,0.4767056614497965,0.7308467920229305,0.0026663329917937517,89418,89418,157749,35167146.0,24863.649604072398,31845,0.5668371907270411,2252.0,2144.0,73550.10313999795,0.0
one_second,toolagent,depth,dp,0.0003,73550.10313999795,73550.10313999795,84083.0,35109656.200006805,0.4999578837266797,0.4767056614497965,0.7308467920229305,7.000000914558768e-05,89418,89418,157749,35167146.0,24863.649604072398,31845,0.5668371907270411,,,,
one_second,toolagent,depth,cut,0.001,58326.66660000065,58326.66660000065,70056.0,11729333.39999935,0.41722731047423434,0.3964074922011315,0.7308467920229305,0.002635749988257885,77591,77591,157749,11773809.0,8324.242788461539,9793,0.4918636568219133,2252.0,2144.0,58326.666600000666,1.4551915228366852e-11
one_second,toolagent,depth,dp,0.001,58326.66660000065,58326.66660000065,70056.0,11729333.39999935,0.41722731047423434,0.3964074922011315,0.7308467920229305,7.262500002980232e-05,77591,77591,157749,11773809.0,8324.242788461539,9793,0.4918636568219133,,,,
one_second,toolagent,depth,cut,0.003,50668.0198,50668.0198,52048.0,459993.3999999992,0.3606470912652378,0.36123517950615974,0.7308467920229305,0.002371165988733992,58395,58395,157749,501094.0,354.28026018099547,733,0.3701766730692429,2252.0,2144.0,50668.0198,0.0
one_second,toolagent,depth,dp,0.003,50668.0198,50668.0198,52048.0,459993.3999999992,0.3606470912652378,0.36123517950615974,0.7308467920229305,7.120901136659086e-05,58395,58395,157749,501094.0,354.28026018099547,733,0.3701766730692429,,,,
one_second,toolagent,depth,cut,0.01,47452.780000000006,47452.78000000001,52044.0,459121.9999999992,0.33843922940874427,0.3392377200867128,0.7308467920229305,0.00229725000099279,58391,58391,157749,500255.0,353.6870757918552,732,0.3701513163316408,2252.0,2144.0,47452.77999999999,1.4551915228366852e-11
one_second,toolagent,depth,dp,0.01,47452.78000000001,47452.78000000001,52044.0,459121.9999999992,0.33843922940874427,0.3392377200867128,0.7308467920229305,7.037498289719224e-05,58391,58391,157749,500255.0,353.6870757918552,732,0.3701513163316408,,,,
one_second,toolagent,depth,cut,0.03,39321.074000000015,39321.07400000002,48785.0,315464.1999999995,0.2808353143284585,0.2828470893036536,0.7308467920229305,0.002136165974661708,54745,54745,157749,348117.0,246.12344457013575,577,0.34703865000729006,2252.0,2144.0,39321.074000000015,0.0
one_second,toolagent,depth,dp,0.03,39321.07400000002,39321.07400000002,48785.0,315464.1999999995,0.2808353143284585,0.2828470893036536,0.7308467920229305,7.241600542329252e-05,54745,54745,157749,348117.0,246.12344457013575,577,0.34703865000729006,,,,
one_second,toolagent,depth,cut,0.1,26145.360000000008,26145.36000000001,41516.0,153706.3999999999,0.19116824829317458,0.1945928726272934,0.7308467920229305,0.0021254169987514615,46791,46791,157749,166344.0,117.60746606334841,461,0.29661677728543445,2252.0,2144.0,26145.359999999993,1.4551915228366852e-11
one_second,toolagent,depth,dp,0.1,26145.36000000001,26145.36000000001,41516.0,153706.3999999999,0.19116824829317458,0.1945928726272934,0.7308467920229305,7.025001104921103e-05,46791,46791,157749,166344.0,117.60746606334841,461,0.29661677728543445,,,,
one_second,toolagent,depth,cut,0.3,7465.84,7465.84,8752.0,4287.200000000001,0.05500700479876259,0.0550409771056945,0.7308467920229305,0.0023321249755099416,9970,9970,157749,4309.0,3.0465214932126696,4,0.06320166847333422,2252.0,2144.0,7465.839999999982,1.8189894035458565e-11
one_second,toolagent,depth,dp,0.3,7465.84,7465.84,8752.0,4287.200000000001,0.05500700479876259,0.0550409771056945,0.7308467920229305,6.925000343471766e-05,9970,9970,157749,4309.0,3.0465214932126696,4,0.06320166847333422,,,,
one_second,toolagent,depth,cut,1.0,4464.799999999999,4464.799999999999,8752.0,4287.200000000001,0.03588612289142879,0.0349918045788611,0.7308467920229305,0.002361999999266118,9970,9970,157749,4309.0,3.0465214932126696,4,0.06320166847333422,2252.0,2144.0,4464.800000000003,3.637978807091713e-12
one_second,toolagent,depth,dp,1.0,4464.799999999999,4464.799999999999,8752.0,4287.200000000001,0.03588612289142879,0.0349918045788611,0.7308467920229305,7.658300455659628e-05,9970,9970,157749,4309.0,3.0465214932126696,4,0.06320166847333422,,,,
one_second,toolagent,group_depth,cut,0.0,84504.0,84504.0,84504.0,44417143.800009966,0.5709132862965851,0.5300719082112832,0.7444747920089867,0.0040723750134930015,90061,90061,157749,44410755.0,31399.006645927602,45100,0.5709132862965851,4341.0,3465.0,84504.0,0.0
one_second,toolagent,group_depth,dp,0.0,84504.0,84504.0,84504.0,44417143.800009966,0.5709132862965851,0.5300719082112832,0.7444747920089867,0.0002511249913368374,90061,90061,157749,44420055.0,31405.581872171944,45100,0.5709132862965851,,,,
one_second,toolagent,group_depth,cut,0.0001,80722.53107999948,80722.53107999949,84173.0,34504689.200005196,0.5454590951448186,0.512427679638344,0.7444747920089867,0.003972500009695068,89482,89482,157749,34363732.0,24295.625,31171,0.5672428985286753,4341.0,3465.0,80722.53107999948,0.0
one_second,toolagent,group_depth,dp,0.0001,80722.53107999949,80722.53107999949,84173.0,34504689.200005196,0.5454531997033262,0.512427679638344,0.7444747920089867,0.00025158299831673503,89482,89482,157749,34373032.0,24302.200226244346,31171,0.5672428985286753,,,,
one_second,toolagent,group_depth,cut,0.0003,74019.39443999842,74019.39443999842,83949.0,33098685.200005293,0.5024010079303196,0.4789173724422355,0.7444747920089867,0.004448332998435944,89190,89190,157749,33122478.0,23418.04157239819,30151,0.565391856683719,4341.0,3465.0,74019.3944399984,1.4551915228366852e-11
one_second,toolagent,group_depth,dp,0.0003,74019.39443999842,74019.39443999842,83949.0,33098685.200005293,0.5024010079303196,0.4789173724422355,0.7444747920089867,0.00026004097890108824,89190,89190,157749,33122478.0,23418.04157239819,30151,0.565391856683719,,,,
one_second,toolagent,group_depth,cut,0.001,59088.24540000071,59127.737800000665,71683.0,12594754.599999288,0.42061453321415665,0.4017320229471792,0.7444747920089867,0.004526875010924414,79129,79129,157749,12777478.0,9033.850395927602,10690,0.5016133224299362,4341.0,3465.0,59088.24540000071,0.0
one_second,toolagent,group_depth,dp,0.001,59088.24540000071,59127.737800000665,71683.0,12594754.599999288,0.42061453321415665,0.4017320229471792,0.7444747920089867,0.000249374978011474,79129,79129,157749,12777478.0,9033.850395927602,10690,0.5016133224299362,,,,
one_second,toolagent,group_depth,cut,0.003,53742.5424,53742.542400000006,54945.0,400819.20000000007,0.3685867929432199,0.37559142917569927,0.7444747920089867,0.00391912498162128,58837,58837,157749,230934.0,163.27347285067873,247,0.3729785925742794,4341.0,3465.0,53742.5424,0.0
one_second,toolagent,group_depth,dp,0.003,53742.542400000006,53742.542400000006,54945.0,400819.20000000007,0.3685867929432199,0.37559142917569927,0.7444747920089867,0.0002753750013653189,58837,58837,157749,230934.0,163.27347285067873,247,0.3729785925742794,,,,
one_second,toolagent,group_depth,cut,0.01,51960.718,51960.71800000001,53593.0,163228.20000000007,0.364893343222461,0.36613215777507535,0.7444747920089867,0.003700708010001108,58541,58541,157749,97944.0,69.24773755656109,135,0.371102193991721,4341.0,3465.0,51960.71800000001,7.275957614183426e-12
one_second,toolagent,group_depth,dp,0.01,51956.004,51960.71800000001,53597.0,164099.60000000006,0.36486551420294266,0.3661127795696082,0.7444747920089867,0.0002467920130584389,58545,58545,157749,98783.0,69.84092194570135,135,0.3711275507293232,,,,
one_second,toolagent,group_depth,cut,0.03,49993.722,49993.72200000001,51984.0,66342.60000000003,0.3568867631490532,0.3561982498810342,0.7444747920089867,0.0035872920125257224,58331,58331,157749,67749.0,47.89946266968326,89,0.36977096526760866,4341.0,3465.0,49993.72200000001,7.275957614183426e-12
one_second,toolagent,group_depth,dp,0.03,49993.72200000001,49993.72200000001,51984.0,66342.60000000003,0.3568867631490532,0.3561982498810342,0.7444747920089867,0.0002597499988041818,58331,58331,157749,67749.0,47.89946266968326,89,0.36977096526760866,,,,
one_second,toolagent,group_depth,cut,0.1,46068.1,46071.7,51596.0,55279.00000000002,0.33051049451977504,0.32927986041347224,0.7444747920089867,0.0034345829917583615,57939,57939,157749,58013.0,41.01597850678733,72,0.36728600498259895,4341.0,3465.0,46068.09999999999,7.275957614183426e-12
one_second,toolagent,group_depth,dp,0.1,46068.1,46071.7,51596.0,55279.00000000002,0.33051049451977504,0.32927986041347224,0.7444747920089867,0.00027099999715574086,57939,57939,157749,58013.0,41.01597850678733,72,0.36728600498259895,,,,
one_second,toolagent,group_depth,cut,0.3,38034.42,38050.02,47394.0,31198.6,0.2768886015125294,0.27493628720985563,0.7444747920089867,0.0034460420138202608,53356,53356,157749,32257.0,22.806136877828056,42,0.3382335228749469,4341.0,3465.0,38034.42000000001,1.4551915228366852e-11
one_second,toolagent,group_depth,dp,0.3,38034.42,38050.02,47394.0,31198.6,0.2768886015125294,0.27493628720985563,0.7444747920089867,0.0002790830039884895,53356,53356,157749,32257.0,22.806136877828056,42,0.3382335228749469,,,,
one_second,toolagent,group_depth,cut,1.0,18672.0,18672.0,32860.0,14188.000000000002,0.14659997844677303,0.1390313540950669,0.7444747920089867,0.003820500016445294,37326,37326,157749,14200.0,10.039592760180996,11,0.23661639693437042,4341.0,3465.0,18672.0,0.0
one_second,toolagent,group_depth,dp,1.0,18672.0,18672.0,32860.0,14188.000000000002,0.14659997844677303,0.1390313540950669,0.7444747920089867,0.000240708002820611,37326,37326,157749,14200.0,10.039592760180996,11,0.23661639693437042,,,,
one_second,synthetic,global,cut,0.0,8755.0,8755.0,8755.0,5849170.399996487,0.7070371391054842,0.26596373221833386,0.1906697500089649,0.0009797080128919333,43615,43615,61687,5440732.0,13309.031311154598,18072,0.7070371391054842,738.0,726.0,8755.0,0.0
one_second,synthetic,global,dp,0.0,8755.0,8755.0,8755.0,5849170.399996487,0.7070371391054842,0.26596373221833386,0.1906697500089649,3.8875004975125194e-05,43615,43615,61687,5440732.0,13309.031311154598,18072,0.7070371391054842,,,,
one_second,synthetic,global,cut,0.0001,8170.082960000351,8170.082960000351,8755.0,5849170.399996487,0.6982172386402321,0.25778898695632413,0.1906697500089649,0.000819500011857599,43615,43615,61687,5440732.0,13309.031311154598,18072,0.7070371391054842,738.0,726.0,8170.082960000351,0.0
one_second,synthetic,global,dp,0.0001,8170.082960000351,8170.082960000351,8755.0,5849170.399996487,0.6982172386402321,0.25778898695632413,0.1906697500089649,4.1207997128367424e-05,43615,43615,61687,5440732.0,13309.031311154598,18072,0.7070371391054842,,,,
one_second,synthetic,global,cut,0.0003,7000.248880001054,7000.248880001054,8755.0,5849170.399996487,0.6805774377097282,0.2414394964323047,0.1906697500089649,0.0008387079869862646,43615,43615,61687,5440732.0,13309.031311154598,18072,0.7070371391054842,738.0,726.0,7000.248880001054,0.0
one_second,synthetic,global,dp,0.0003,7000.248880001054,7000.248880001054,8755.0,5849170.399996487,0.6805774377097282,0.2414394964323047,0.1906697500089649,4.199999966658652e-05,43615,43615,61687,5440732.0,13309.031311154598,18072,0.7070371391054842,,,,
one_second,synthetic,global,cut,0.001,2905.8296000035125,2905.8296000035125,8755.0,5849170.399996487,0.6188381344529641,0.1842162795982366,0.1906697500089649,0.0008758330077398568,43615,43615,61687,5440732.0,13309.031311154598,18072,0.7070371391054842,738.0,726.0,2905.8296000035125,0.0
one_second,synthetic,global,dp,0.001,2905.8296000035125,2905.8296000035125,8755.0,5849170.399996487,0.6188381344529641,0.1842162795982366,0.1906697500089649,4.150002496317029e-05,43615,43615,61687,5440732.0,13309.031311154598,18072,0.7070371391054842,,,,
one_second,synthetic,global,cut,0.003,61.162799999997674,61.162799999997674,366.0,101612.40000000078,0.05899106781007343,-0.003937717583965822,0.1906697500089649,0.0006325840076897293,4173,4173,61687,178006.0,435.4354207436399,1141,0.06764796472514469,738.0,726.0,61.16279999999824,5.684341886080801e-13
one_second,synthetic,global,dp,0.003,61.162799999997674,61.162799999997674,366.0,101612.40000000078,0.05899106781007343,-0.003937717583965822,0.1906697500089649,4.333298420533538e-05,4173,4173,61687,178006.0,435.4354207436399,1141,0.06764796472514469,,,,
one_second,synthetic,global,cut,0.01,0.0,0.0,0.0,0.0,0.0,0.0,0.1906697500089649,0.0005574589886236936,0,0,61687,0.0,0.0,0,0.0,738.0,726.0,0.0,0.0
one_second,synthetic,global,dp,0.01,0.0,0.0,0.0,0.0,0.0,0.0,0.1906697500089649,4.06669860240072e-05,0,0,61687,0.0,0.0,0,0.0,,,,
one_second,synthetic,global,cut,0.03,0.0,0.0,0.0,0.0,0.0,0.0,0.1906697500089649,0.0005544169980566949,0,0,61687,0.0,0.0,0,0.0,738.0,726.0,0.0,0.0
one_second,synthetic,global,dp,0.03,0.0,0.0,0.0,0.0,0.0,0.0,0.1906697500089649,4.487502155825496e-05,0,0,61687,0.0,0.0,0,0.0,,,,
one_second,synthetic,global,cut,0.1,0.0,0.0,0.0,0.0,0.0,0.0,0.1906697500089649,0.0005670410173479468,0,0,61687,0.0,0.0,0,0.0,738.0,726.0,0.0,0.0
one_second,synthetic,global,dp,0.1,0.0,0.0,0.0,0.0,0.0,0.0,0.1906697500089649,3.804199513979256e-05,0,0,61687,0.0,0.0,0,0.0,,,,
one_second,synthetic,global,cut,0.3,0.0,0.0,0.0,0.0,0.0,0.0,0.1906697500089649,0.0005608750216197222,0,0,61687,0.0,0.0,0,0.0,738.0,726.0,0.0,0.0
one_second,synthetic,global,dp,0.3,0.0,0.0,0.0,0.0,0.0,0.0,0.1906697500089649,4.25000034738332e-05,0,0,61687,0.0,0.0,0,0.0,,,,
one_second,synthetic,global,cut,1.0,0.0,0.0,0.0,0.0,0.0,0.0,0.1906697500089649,0.0007805420027580112,0,0,61687,0.0,0.0,0,0.0,738.0,726.0,0.0,0.0
one_second,synthetic,global,dp,1.0,0.0,0.0,0.0,0.0,0.0,0.0,0.1906697500089649,3.80830024369061e-05,0,0,61687,0.0,0.0,0,0.0,,,,
one_second,synthetic,group,cut,0.0,8755.0,8755.0,8755.0,5847163.999996686,0.7055619498435651,0.26596373221833386,0.22651366700301878,0.0016245000006165355,43524,43524,61687,5434940.0,13294.86301369863,18064,0.7055619498435651,1566.0,1446.0,8755.0,0.0
one_second,synthetic,group,dp,0.0,8755.0,8755.0,8755.0,5847163.999996686,0.7055619498435651,0.26596373221833386,0.22651366700301878,9.125002543441951e-05,43524,43524,61687,5434940.0,13294.86301369863,18064,0.7055619498435651,,,,
one_second,synthetic,group,cut,0.0001,8170.283600000332,8170.283600000331,8755.0,5847163.999996686,0.6967514387148022,0.25778898695632413,0.22651366700301878,0.0016278749972116202,43524,43524,61687,5434940.0,13294.86301369863,18064,0.7055619498435651,1566.0,1446.0,8170.283600000332,0.0
one_second,synthetic,group,dp,0.0001,8170.283600000331,8170.283600000331,8755.0,5847163.999996686,0.6967514387148022,0.25778898695632413,0.22651366700301878,7.595799979753792e-05,43524,43524,61687,5434940.0,13294.86301369863,18064,0.7055619498435651,,,,
one_second,synthetic,group,cut,0.0003,7000.850800000994,7000.850800000993,8755.0,5847163.999996686,0.6791304164572763,0.2414394964323047,0.22651366700301878,0.0016393749974668026,43524,43524,61687,5434940.0,13294.86301369863,18064,0.7055619498435651,1566.0,1446.0,7000.850800000994,0.0
one_second,synthetic,group,dp,0.0003,7000.850800000993,7000.850800000993,8755.0,5847163.999996686,0.6791304164572763,0.2414394964323047,0.22651366700301878,7.591600297018886e-05,43524,43524,61687,5434940.0,13294.86301369863,18064,0.7055619498435651,,,,
one_second,synthetic,group,cut,0.001,2907.8360000033135,2908.8718000033123,8755.0,5847163.999996686,0.6174568385559356,0.1842162795982366,0.22651366700301878,0.001794667012291029,43524,43524,61687,5434940.0,13294.86301369863,18064,0.7055619498435651,1566.0,1446.0,2907.8360000033126,9.094947017729282e-13
one_second,synthetic,group,dp,0.001,2907.8360000033126,2908.8718000033123,8755.0,5847163.999996686,0.6174568385559356,0.1842162795982366,0.22651366700301878,9.945800411514938e-05,43524,43524,61687,5434940.0,13294.86301369863,18064,0.7055619498435651,,,,
one_second,synthetic,group,cut,0.003,587.4655999999964,827.3847999999981,1412.0,274844.8000000012,0.07293197918524162,-0.0015203472253783577,0.22651366700301878,0.001443124987417832,5429,5429,61687,310015.0,758.3537181996086,1459,0.0880088187138295,1566.0,1446.0,587.4655999999959,4.547473508864641e-13
one_second,synthetic,group,dp,0.003,587.4655999999964,827.3847999999981,1412.0,274844.8000000012,0.07293197918524162,-0.0015203472253783577,0.22651366700301878,6.870902143418789e-05,5429,5429,61687,310015.0,758.3537181996086,1459,0.0880088187138295,,,,
one_second,synthetic,group,cut,0.01,12.749999999999996,152.49400000000026,44.0,3125.0000000000005,0.00090537714591405,-0.0005272008362496024,0.22651366700301878,0.0011216670100111514,103,103,61687,4715.0,11.53375733855186,48,0.0016697197140402354,1566.0,1446.0,12.749999999998181,1.815436689867056e-12
one_second,synthetic,group,dp,0.01,12.749999999999993,152.49400000000026,44.0,3125.0000000000005,0.00090537714591405,-0.0005272008362496024,0.22651366700301878,6.683298852294683e-05,103,103,61687,4715.0,11.53375733855186,48,0.0016697197140402354,,,,
one_second,synthetic,group,cut,0.03,0.0,32.300000000000004,0.0,0.0,0.0,0.0,0.22651366700301878,0.0011040829995181412,0,0,61687,0.0,0.0,0,0.0,1566.0,1446.0,0.0,0.0
one_second,synthetic,group,dp,0.03,0.0,32.300000000000004,0.0,0.0,0.0,0.0,0.22651366700301878,6.991700502112508e-05,0,0,61687,0.0,0.0,0,0.0,,,,
one_second,synthetic,group,cut,0.1,0.0,0.0,0.0,0.0,0.0,0.0,0.22651366700301878,0.0015748749719932675,0,0,61687,0.0,0.0,0,0.0,1566.0,1446.0,0.0,0.0
one_second,synthetic,group,dp,0.1,0.0,0.0,0.0,0.0,0.0,0.0,0.22651366700301878,6.833299994468689e-05,0,0,61687,0.0,0.0,0,0.0,,,,
one_second,synthetic,group,cut,0.3,0.0,0.0,0.0,0.0,0.0,0.0,0.22651366700301878,0.0011634159891400486,0,0,61687,0.0,0.0,0,0.0,1566.0,1446.0,0.0,0.0
one_second,synthetic,group,dp,0.3,0.0,0.0,0.0,0.0,0.0,0.0,0.22651366700301878,7.333300891332328e-05,0,0,61687,0.0,0.0,0,0.0,,,,
one_second,synthetic,group,cut,1.0,0.0,0.0,0.0,0.0,0.0,0.0,0.22651366700301878,0.0011606249900069088,0,0,61687,0.0,0.0,0,0.0,1566.0,1446.0,0.0,0.0
one_second,synthetic,group,dp,1.0,0.0,0.0,0.0,0.0,0.0,0.0,0.22651366700301878,7.258300320245326e-05,0,0,61687,0.0,0.0,0,0.0,,,,
one_second,synthetic,depth,cut,0.0,8755.0,8755.0,8755.0,5788630.200000581,0.6805647867459919,0.25482888696995865,0.22635670800809748,0.0008498750103171915,41982,41982,61687,5332666.0,13044.681996086105,17765,0.6805647867459919,834.0,726.0,8755.0,0.0
one_second,synthetic,depth,dp,0.0,8755.0,8755.0,8755.0,5788630.200000581,0.6805647867459919,0.25482888696995865,0.22635670800809748,7.129099685698748e-05,41982,41982,61687,5332666.0,13044.681996086105,17765,0.6805647867459919,,,,
one_second,synthetic,depth,cut,0.0001,8176.136979999942,8176.136979999942,8755.0,5788630.200000581,0.6719200706793975,0.24682138799254646,0.22635670800809748,0.0008704579959157854,41982,41982,61687,5332666.0,13044.681996086105,17765,0.6805647867459919,834.0,726.0,8176.136979999942,0.0
one_second,synthetic,depth,dp,0.0001,8176.136979999942,8176.136979999942,8755.0,5788630.200000581,0.6719200706793975,0.24682138799254646,0.22635670800809748,7.354101398959756e-05,41982,41982,61687,5332666.0,13044.681996086105,17765,0.6805647867459919,,,,
one_second,synthetic,depth,cut,0.0003,7018.410939999826,7018.410939999825,8755.0,5788630.200000581,0.6546306385462091,0.23080639003772213,0.22635670800809748,0.0008740409975871444,41982,41982,61687,5332666.0,13044.681996086105,17765,0.6805647867459919,834.0,726.0,7018.410939999826,0.0
one_second,synthetic,depth,dp,0.0003,7018.410939999825,7018.410939999825,8755.0,5788630.200000581,0.6546306385462091,0.23080639003772213,0.22635670800809748,7.333399844355881e-05,41982,41982,61687,5332666.0,13044.681996086105,17765,0.6805647867459919,,,,
one_second,synthetic,depth,cut,0.001,2966.3697999994183,2967.894199999417,8755.0,5788630.200000581,0.5941176260800494,0.17475389719583692,0.22635670800809748,0.0009194590093102306,41982,41982,61687,5332666.0,13044.681996086105,17765,0.6805647867459919,834.0,726.0,2966.3697999994174,9.094947017729282e-13
one_second,synthetic,depth,dp,0.001,2966.369799999419,2967.894199999417,8755.0,5788630.200000581,0.5941176260800494,0.17475389719583692,0.22635670800809748,7.587502477690578e-05,41982,41982,61687,5332666.0,13044.681996086105,17765,0.6805647867459919,,,,
one_second,synthetic,depth,cut,0.003,63.35880000000043,75.63660000000033,366.0,100880.39999999985,0.05922518520920129,-0.0036448484297595778,0.22635670800809748,0.0006970000104047358,4170,4170,61687,172192.0,421.2133072407045,962,0.06759933211211439,834.0,726.0,63.35880000000361,3.183231456205249e-12
one_second,synthetic,depth,dp,0.003,63.35880000000049,75.63660000000033,366.0,100880.39999999985,0.05922518520920129,-0.0036448484297595778,0.22635670800809748,6.912500248290598e-05,4170,4170,61687,172192.0,421.2133072407045,962,0.06759933211211439,,,,
one_second,synthetic,depth,cut,0.01,0.0,0.0,0.0,0.0,0.0,0.0,0.22635670800809748,0.0007693750085309148,0,0,61687,0.0,0.0,0,0.0,834.0,726.0,0.0,0.0
one_second,synthetic,depth,dp,0.01,0.0,0.0,0.0,0.0,0.0,0.0,0.22635670800809748,7.562499376945198e-05,0,0,61687,0.0,0.0,0,0.0,,,,
one_second,synthetic,depth,cut,0.03,0.0,0.0,0.0,0.0,0.0,0.0,0.22635670800809748,0.0007072500011418015,0,0,61687,0.0,0.0,0,0.0,834.0,726.0,0.0,0.0
one_second,synthetic,depth,dp,0.03,0.0,0.0,0.0,0.0,0.0,0.0,0.22635670800809748,6.900000153109431e-05,0,0,61687,0.0,0.0,0,0.0,,,,
one_second,synthetic,depth,cut,0.1,0.0,0.0,0.0,0.0,0.0,0.0,0.22635670800809748,0.0006651669973507524,0,0,61687,0.0,0.0,0,0.0,834.0,726.0,0.0,0.0
one_second,synthetic,depth,dp,0.1,0.0,0.0,0.0,0.0,0.0,0.0,0.22635670800809748,6.791600026190281e-05,0,0,61687,0.0,0.0,0,0.0,,,,
one_second,synthetic,depth,cut,0.3,0.0,0.0,0.0,0.0,0.0,0.0,0.22635670800809748,0.0006864170136395842,0,0,61687,0.0,0.0,0,0.0,834.0,726.0,0.0,0.0
one_second,synthetic,depth,dp,0.3,0.0,0.0,0.0,0.0,0.0,0.0,0.22635670800809748,7.366700447164476e-05,0,0,61687,0.0,0.0,0,0.0,,,,
one_second,synthetic,depth,cut,1.0,0.0,0.0,0.0,0.0,0.0,0.0,0.22635670800809748,0.000659458979498595,0,0,61687,0.0,0.0,0,0.0,834.0,726.0,0.0,0.0
one_second,synthetic,depth,dp,1.0,0.0,0.0,0.0,0.0,0.0,0.0,0.22635670800809748,7.587499567307532e-05,0,0,61687,0.0,0.0,0,0.0,,,,
one_second,synthetic,group_depth,cut,0.0,8755.0,8755.0,8755.0,5786623.800000565,0.6790895974840728,0.25482888696995865,0.23432741599390283,0.0022520000056829304,41891,41891,61687,5326874.0,13030.513698630137,17757,0.6790895974840728,2322.0,1446.0,8755.0,0.0
one_second,synthetic,group_depth,dp,0.0,8755.0,8755.0,8755.0,5786623.800000565,0.6790895974840728,0.25482888696995865,0.23432741599390283,0.0002523339935578406,41891,41891,61687,5326874.0,13030.513698630137,17757,0.6790895974840728,,,,
one_second,synthetic,group_depth,cut,0.0001,8176.337619999944,8176.337619999944,8755.0,5786623.800000565,0.6704542707539676,0.24682138799254646,0.23432741599390283,0.0020525840227492154,41891,41891,61687,5326874.0,13030.513698630137,17757,0.6790895974840728,2322.0,1446.0,8176.337619999944,0.0
one_second,synthetic,group_depth,dp,0.0001,8176.337619999944,8176.337619999944,8755.0,5786623.800000565,0.6704542707539676,0.24682138799254646,0.23432741599390283,0.0002497500099707395,41891,41891,61687,5326874.0,13030.513698630137,17757,0.6790895974840728,,,,
one_second,synthetic,group_depth,cut,0.0003,7019.012859999831,7019.01285999983,8755.0,5786623.800000565,0.6531836172937572,0.23080639003772213,0.23432741599390283,0.001955542014911771,41891,41891,61687,5326874.0,13030.513698630137,17757,0.6790895974840728,2322.0,1446.0,7019.012859999831,0.0
one_second,synthetic,group_depth,dp,0.0003,7019.01285999983,7019.01285999983,8755.0,5786623.800000565,0.6531836172937572,0.23080639003772213,0.23432741599390283,0.00025604202528484166,41891,41891,61687,5326874.0,13030.513698630137,17757,0.6790895974840728,,,,
one_second,synthetic,group_depth,cut,0.001,2968.376199999435,2969.652199999433,8755.0,5786623.800000565,0.5927363301830207,0.17475389719583692,0.23432741599390283,0.00207312498241663,41891,41891,61687,5326874.0,13030.513698630137,17757,0.6790895974840728,2322.0,1446.0,2968.376199999436,9.094947017729282e-13
one_second,synthetic,group_depth,dp,0.001,2968.376199999435,2969.652199999433,8755.0,5786623.800000565,0.5927363301830207,0.17475389719583692,0.23432741599390283,0.000242499983869493,41891,41891,61687,5326874.0,13030.513698630137,17757,0.6790895974840728,,,,
one_second,synthetic,group_depth,cut,0.003,589.6615999999984,837.5094000000003,1412.0,274112.8000000005,0.07316609658436948,-0.0012274780711721124,0.23432741599390283,0.001722499990137294,5426,5426,61687,304201.0,744.1316046966732,1330,0.0879601861007992,2322.0,1446.0,589.661600000004,5.5706550483591855e-12
one_second,synthetic,group_depth,dp,0.003,589.6615999999985,837.5094000000003,1412.0,274112.8000000005,0.07316609658436948,-0.0012274780711721124,0.23432741599390283,0.00025599999935366213,5426,5426,61687,304201.0,744.1316046966732,1330,0.0879601861007992,,,,
one_second,synthetic,group_depth,cut,0.01,12.749999999999996,152.49399999999994,44.0,3125.0000000000005,0.00090537714591405,-0.0005272008362496024,0.23432741599390283,0.00146808399586007,103,103,61687,4715.0,11.53375733855186,48,0.0016697197140402354,2322.0,1446.0,12.750000000005457,5.46052092431637e-12
one_second,synthetic,group_depth,dp,0.01,12.749999999999995,152.49399999999994,44.0,3125.0000000000005,0.00090537714591405,-0.0005272008362496024,0.23432741599390283,0.00023820798378437757,103,103,61687,4715.0,11.53375733855186,48,0.0016697197140402354,,,,
one_second,synthetic,group_depth,cut,0.03,0.0,32.3,0.0,0.0,0.0,0.0,0.23432741599390283,0.0014487089938484132,0,0,61687,0.0,0.0,0,0.0,2322.0,1446.0,0.0,0.0
one_second,synthetic,group_depth,dp,0.03,0.0,32.3,0.0,0.0,0.0,0.0,0.23432741599390283,0.00023129198234528303,0,0,61687,0.0,0.0,0,0.0,,,,
one_second,synthetic,group_depth,cut,0.1,0.0,0.0,0.0,0.0,0.0,0.0,0.23432741599390283,0.0015760830137878656,0,0,61687,0.0,0.0,0,0.0,2322.0,1446.0,0.0,0.0
one_second,synthetic,group_depth,dp,0.1,0.0,0.0,0.0,0.0,0.0,0.0,0.23432741599390283,0.00033229199470952153,0,0,61687,0.0,0.0,0,0.0,,,,
one_second,synthetic,group_depth,cut,0.3,0.0,0.0,0.0,0.0,0.0,0.0,0.23432741599390283,0.001551042019855231,0,0,61687,0.0,0.0,0,0.0,2322.0,1446.0,0.0,0.0
one_second,synthetic,group_depth,dp,0.3,0.0,0.0,0.0,0.0,0.0,0.0,0.23432741599390283,0.000216791988350451,0,0,61687,0.0,0.0,0,0.0,,,,
one_second,synthetic,group_depth,cut,1.0,0.0,0.0,0.0,0.0,0.0,0.0,0.23432741599390283,0.0014209169894456863,0,0,61687,0.0,0.0,0,0.0,2322.0,1446.0,0.0,0.0
one_second,synthetic,group_depth,dp,1.0,0.0,0.0,0.0,0.0,0.0,0.0,0.23432741599390283,0.0003200419887434691,0,0,61687,0.0,0.0,0,0.0,,,,
